"country","time","employmentTotalY15-64","unemploymentTotalY15-64","employmentInflows","employmentOutflows","unemploymentLT","unemploymentYouth1524","unemploymentYouth1529","employmentWomen","NEET 15-24","NEET 15-24","jobVacancy","GDPcapita","inflation","minWage1","minWage2","minWageMedian1","minWageMedian2","imports","exports","GDP"
"Belgium",2001,59.7,na,na,na,na,28.5,45.8,59.7,na,na,na,121,76.78,47.5,na,54,na,179654.9,189295.4,264334.9
"Bulgaria",2001,50.7,na,na,na,na,21.1,34.2,50.7,na,na,na,30,58.06,35.4,na,na,na,7030.1,5548,15905.3
"Czechia",2001,65,na,na,na,na,34.4,48.3,65,na,na,na,74,77.1,34.2,na,na,na,37970.7,36986.9,75705.2
"Denmark",2001,75.9,na,na,na,na,61.7,69.3,75.9,na,na,na,124,79.3,na,na,na,na,70699.4,83841,184045.6
"Germany (until 1990 former territory of the FRG)",2001,65.7,na,na,na,na,46.5,56,65.7,na,na,na,121,80.4,na,na,na,na,656501,691839,2172540
"Estonia",2001,60.6,na,na,na,na,27.6,44.3,60.6,na,na,na,43,61.5,na,na,na,na,4555.9,4279.7,6987.1
"Ireland",2001,65.2,na,na,na,na,46.8,58.6,65.2,na,na,na,137,80.2,na,na,na,na,97202.9,116258.7,122089.2
"Greece",2001,56.5,na,na,na,na,26.2,41.3,56.5,na,na,na,88,73.59,52.9,na,63.2,na,50758.5,34683.1,152193.8
"Spain",2001,57.7,na,na,na,na,33.6,47.6,57.7,na,na,na,97,73.23,34.2,na,na,na,211248,195308,700993
"France",2001,62.7,na,na,na,na,29.3,46.2,62.7,na,na,na,116,79.62,na,na,na,na,410599,434786,1538200
"Croatia",2001,na,na,na,na,na,na,na,na,na,na,na,49,72.28,na,na,na,na,10968.6,9623,25947.3
"Italy",2001,54.5,na,na,na,na,26.2,39.9,54.5,na,na,na,118,75.9,na,na,na,na,318024.1,334498.2,1304136.8
"Cyprus",2001,67.9,na,na,na,na,39,55.4,67.9,na,na,na,96,76.4,na,na,na,na,7384.1,7914.2,11602.9
"Latvia",2001,58.1,na,na,na,na,28.3,42.4,58.1,na,na,na,38,56.58,39.7,na,na,na,4534.2,3562.4,9374.4
"Lithuania",2001,58.1,na,na,na,na,22.6,39.1,58.1,na,na,na,40,69.74,44.7,na,na,na,6773.3,6025.7,13664.6
"Luxembourg",2001,63,na,na,na,na,32.3,51,63,na,na,na,236,72.12,na,na,na,na,29745.9,34912.6,23879.9
"Hungary",2001,56.1,na,na,na,na,30.4,44.7,56.1,na,na,na,56,56.67,na,na,na,na,39709.2,38934.7,60012.9
"Malta",2001,54.7,na,na,na,na,53,60.4,54.7,na,na,na,78,74.16,36.9,na,47,na,5151.5,4960.2,4565.5
"Netherlands",2001,74.1,na,na,na,na,70.4,76.6,74.1,na,na,na,140,78.32,na,na,na,na,273421,305023,481881
"Austria",2001,67.8,na,na,na,na,51.4,62.5,67.8,na,na,na,125,76.74,na,na,na,na,94647.4,98392.9,220525.1
"Poland",2001,53.7,na,na,na,na,24.2,38.1,53.7,na,na,na,47,73.8,na,na,na,na,65913.5,57863.9,212834.1
"Portugal",2001,68.9,na,na,na,na,42.4,56.7,68.9,na,na,na,82,76.41,43.3,na,na,na,51125.6,37253,135775
"Romania",2001,63.3,na,na,na,na,32.6,46,63.3,na,na,na,27,37.66,30.9,na,na,na,13463,9979.4,45143.6
"Slovenia",2001,63.6,na,na,na,na,30.3,48,63.6,na,na,na,80,67.33,44.5,na,na,na,12272.6,12030.6,23249.1
"Slovakia",2001,56.7,na,na,na,na,27.7,40.4,56.7,na,na,na,52,65.9,na,na,na,na,15436.5,13656.9,23909.8
"Finland",2001,69.1,na,na,na,na,46.2,56.1,69.1,na,na,na,117,78.84,na,na,na,na,44130,57510,144628
"Sweden",2001,74.4,na,na,na,na,46.2,58.2,74.4,na,na,na,126,81.92,na,na,na,na,101899.9,116111.1,270524.5
"United Kingdom",2001,71.3,na,na,na,na,55.5,64.3,71.3,na,na,na,117,73.6,33,na,42.8,na,502862.3,461191.2,1830567.5
"Belgium",2002,59.7,na,na,na,na,28.5,45.8,59.7,na,na,na,122,77.97,47.6,na,54.2,na,178310,193550.7,273255.9
"Bulgaria",2002,51.1,na,na,na,na,20.5,33.6,51.1,na,na,na,31,61.44,38.8,na,na,na,7274.9,5881,17478.3
"Czechia",2002,65.5,na,na,na,na,32.4,48.2,65.5,na,na,na,73,78.2,36.9,na,na,na,40473.5,39314.8,87358.2
"Denmark",2002,76.4,na,na,na,na,64,70.9,76.4,na,na,na,123,81.2,na,na,na,na,73740.1,86744.8,189794.9
"Germany (until 1990 former territory of the FRG)",2002,65.4,na,na,na,na,45.4,54.7,65.4,na,na,na,119,81.5,na,na,na,na,622998,716424,2198120
"Estonia",2002,61.4,na,na,na,na,25.4,42.4,61.4,na,na,na,47,63.71,30.5,na,na,na,5113,4533.6,7822.6
"Ireland",2002,65.1,na,na,na,na,44.9,57.2,65.1,na,na,na,142,84,na,na,na,na,99645.5,123009.4,135997.6
"Greece",2002,57.6,na,na,na,na,26.9,42.4,57.6,na,na,na,91,76.48,54.7,na,65.3,na,49424.2,32876.6,163460.8
"Spain",2002,59,na,na,na,na,34.3,48.7,59,na,na,na,98,75.86,33.5,na,na,na,213961,199036,749552
"France",2002,62.9,na,na,na,na,29.9,46,62.9,na,na,na,115,81.16,na,na,na,na,405547,437146,1587829
"Croatia",2002,52.9,na,na,na,na,25.7,39,52.9,na,na,na,51,74.11,na,na,na,na,13019.7,10310.8,28749.8
"Italy",2002,55.4,na,na,na,na,25.7,40.3,55.4,na,na,na,116,77.9,na,na,na,na,319342.4,329564,1350258.9
"Cyprus",2002,68.5,na,na,na,na,36.7,54.8,68.5,na,na,na,95,78.53,na,na,na,na,7399.1,7540.4,12082.9
"Latvia",2002,59.6,na,na,na,na,28.3,42.5,59.6,na,na,na,41,57.69,37.4,na,na,na,4745.4,3715.6,10168.7
"Lithuania",2002,60.6,na,na,na,na,25.2,41,60.6,na,na,na,42,69.98,43.7,na,na,na,8044.4,7183.2,15153.3
"Luxembourg",2002,63.6,na,na,na,na,32.3,51.4,63.6,na,na,na,236,73.6,45.5,na,54.5,na,28594.6,34105.6,25011.1
"Hungary",2002,56.2,na,na,na,na,28.6,44.2,56.2,na,na,na,59,59.64,42.1,na,na,na,43185.1,41716.8,71756.1
"Malta",2002,55,na,na,na,na,51.1,58.9,55,na,na,na,79,76.1,44.9,na,55.2,na,5238.9,5376.3,4740.9
"Netherlands",2002,74.5,na,na,na,na,70.5,76,74.5,na,na,na,139,81.35,49.3,na,na,na,267151,301426,501137
"Austria",2002,68.1,na,na,na,na,51.8,62.2,68.1,na,na,na,126,78.04,na,na,na,na,94387.1,102755,226735.2
"Poland",2002,51.7,na,na,na,na,22,36.2,51.7,na,na,na,48,75.2,33,na,na,na,67956.7,60458.3,210560
"Portugal",2002,69.1,na,na,na,na,42.2,57.1,69.1,na,na,na,82,79.24,43,na,57.7,na,50228.8,38594.2,142554.3
"Romania",2002,58.6,na,na,na,na,29.1,42.9,58.6,na,na,na,29,46.14,31.3,na,na,na,14461.3,11693.3,48695.7
"Slovenia",2002,64.3,na,na,na,na,31.1,48.4,64.3,na,na,na,82,72.37,45.3,na,na,na,12818.3,13065.8,24972.4
"Slovakia",2002,56.5,na,na,na,na,26.7,40.7,56.5,na,na,na,54,68.21,32.4,na,na,na,16700.9,15006.4,26340.7
"Finland",2002,69.1,na,na,na,na,44.8,55.5,69.1,na,na,na,115,80.42,na,na,na,na,44790,58110,148486
"Sweden",2002,74,na,na,na,na,44,56.4,74,na,na,na,125,83.51,na,na,na,na,102025.1,116987.9,283627.1
"United Kingdom",2002,71.2,na,na,na,na,55.6,64,71.2,na,na,na,117,74.5,34.6,na,45.4,na,508310.7,457548.1,1888699.6
"Belgium",2003,59.3,na,na,na,na,27.1,44.5,59.3,na,na,na,122,79.16,46.2,na,53.4,na,179065.6,194130.8,281200.2
"Bulgaria",2003,53.1,na,na,na,na,21.3,34.7,53.1,na,na,na,33,62.88,40.4,na,na,na,8383.5,6469.8,18798.3
"Czechia",2003,64.9,na,na,na,na,29.8,47.2,64.9,na,na,na,77,78.2,38.1,na,na,na,42774.2,41428.9,88659.5
"Denmark",2003,75.1,na,na,na,na,59.4,66.1,75.1,na,na,na,121,82.7,na,na,na,na,71624.5,84763.1,193353.4
"Germany (until 1990 former territory of the FRG)",2003,64.9,na,na,na,na,44,53.1,64.9,na,na,na,119,82.4,na,na,na,na,642187,725654,2211570
"Estonia",2003,62.4,na,na,na,na,28.8,43.2,62.4,na,na,na,51,64.59,32.4,na,na,na,5737.6,4998.5,8744.4
"Ireland",2003,65.1,na,na,na,na,45.4,57.3,65.1,na,na,na,143,87.3,43.4,na,53.8,na,95630.8,117685.2,145576.4
"Greece",2003,58.7,na,na,na,na,26,42.5,58.7,na,na,na,94,79.12,48.8,na,60.7,na,53037.2,33177.2,178904.9
"Spain",2003,60.1,na,na,na,na,34.5,49.8,60.1,na,na,na,98,78.21,32.9,na,na,na,223309,205612,802266
"France",2003,64,8.5,na,na,27.6,30.7,46.2,64,8.3,10.6,na,111,82.93,na,na,na,na,402544,425799,1630666
"Croatia",2003,53.4,na,na,na,na,24.7,37.9,53.4,na,na,na,54,75.88,na,na,na,na,14244,11027.5,30992.8
"Italy",2003,56.1,na,na,na,na,25.4,40.5,56.1,na,na,na,115,80.1,na,na,na,na,318640.7,324994.1,1394693.2
"Cyprus",2003,69.2,na,na,na,na,37.5,54.5,69.2,na,na,na,95,81.65,na,na,na,na,7239.1,7434.7,12871.3
"Latvia",2003,60.3,na,na,na,na,30.9,44,60.3,na,na,na,43,59.39,39.9,na,na,na,5099.1,3784.7,10499.6
"Lithuania",2003,62.8,na,na,na,na,23.7,40.4,62.8,na,na,na,47,69.22,42.1,na,na,na,8660.4,7695.9,16650.2
"Luxembourg",2003,62.2,na,na,na,na,27,47.5,62.2,na,na,na,236,75.47,46.6,na,55.9,na,29408.6,34842.4,26227.3
"Hungary",2003,57,na,na,na,na,26.7,43.4,57,na,na,na,61,62.43,42.2,na,na,na,45471.7,42499.3,75442.8
"Malta",2003,54.6,na,na,na,na,49.6,57.1,54.6,na,na,na,82,77.56,48.2,na,56.5,na,5323.7,5186.3,4823.5
"Netherlands",2003,73.8,na,na,na,na,68.7,74.8,73.8,na,na,na,134,83.16,47.7,na,na,na,269922,304015,512810
"Austria",2003,68.2,na,na,na,na,50.6,60.9,68.2,na,na,na,126,79.05,na,na,na,na,96957.9,103342.1,231862.5
"Poland",2003,51.4,na,na,na,na,21.2,35.7,51.4,na,na,na,48,75.7,33.9,na,na,na,69503.1,64217,192552.1
"Portugal",2003,68.1,na,na,na,na,38.8,54.5,68.1,na,na,na,82,81.8,40.7,na,58,na,49329.7,39974.7,146067.9
"Romania",2003,58.7,na,na,na,na,27.3,41.8,58.7,na,na,na,30,53.18,37.3,na,na,na,16337.8,12374.8,51108.5
"Slovenia",2003,62.5,na,na,na,na,28.6,45.6,62.5,na,na,na,83,76.46,45.8,na,na,na,13470.5,13387.2,26247.5
"Slovakia",2003,57.9,na,na,na,na,27.3,41.2,57.9,na,na,na,56,73.96,34,na,na,na,18918.8,18774.5,30119.1
"Finland",2003,68.7,na,na,na,na,44.3,54.8,68.7,na,na,na,114,81.46,na,na,na,na,46640,56634,151749
"Sweden",2003,73.6,na,na,na,na,43.4,55.5,73.6,na,na,na,125,85.44,na,na,na,na,103469.6,119487.3,296305.5
"United Kingdom",2003,71.4,na,na,na,na,54.2,62.7,71.4,na,na,na,119,75.5,34.5,na,44.9,na,474944.7,434319.9,1815326.8
"Belgium",2004,60.5,na,na,na,na,28.1,45.2,60.5,na,na,na,120,80.63,45.5,na,52.4,na,195937,210463.8,296819.7
"Bulgaria",2004,55.1,na,na,na,na,22.3,35.9,55.1,na,na,na,34,66.75,41.4,na,na,na,10991.1,8639.1,21093.2
"Czechia",2004,64.1,na,na,na,na,27.7,45.1,64.1,na,na,na,78,80.2,38.4,na,na,na,54486.6,55091.7,96554.1
"Denmark",2004,76,na,na,na,na,61.3,67.8,76,na,na,na,124,83.5,na,na,na,na,77485.9,88920.9,202422.2
"Germany (until 1990 former territory of the FRG)",2004,64.3,na,na,na,na,41.3,50.6,64.3,na,na,na,119,83.8,na,na,na,na,690359,808022,2262520
"Estonia",2004,63.2,na,na,na,na,29.6,43.6,63.2,na,na,na,54,66.55,34.6,na,na,na,6736.6,5972,9777.5
"Ireland",2004,65.5,na,na,na,na,44.8,57.4,65.5,na,na,na,145,89.3,na,na,na,na,103306.5,125751.1,156260.3
"Greece",2004,59.3,na,na,na,na,27.5,43.6,59.3,na,na,na,95,81.51,47.7,na,61.8,na,56546.3,40114.9,193715.8
"Spain",2004,61.1,na,na,na,na,34.8,50.9,61.1,na,na,na,98,80.6,33.6,na,42.9,na,250201,218400,859437
"France",2004,63.4,8.9,na,na,28,29.4,45.2,63.4,8.7,10.8,na,109,84.86,na,na,na,na,433778,451034,1704019
"Croatia",2004,54.9,na,na,na,na,26.9,39.5,54.9,na,na,na,55,77.51,na,na,na,na,15235.2,12353.9,33774
"Italy",2004,57.8,na,na,na,na,27.7,42.8,57.8,na,na,na,111,81.9,na,na,na,na,340140.4,348699.3,1452319
"Cyprus",2004,69.4,na,na,na,na,37.3,55.1,69.4,na,na,na,97,83.2,na,na,na,na,7946.6,7929.3,13938
"Latvia",2004,60.5,na,na,na,na,28.9,43,60.5,na,na,na,46,63.06,41.9,na,na,na,6357.2,4562.1,11724
"Lithuania",2004,61.8,na,na,na,na,20.6,37.7,61.8,na,na,na,49,70.02,45.4,na,na,na,10172.3,8885.8,18219.4
"Luxembourg",2004,62.5,na,na,na,na,23.3,44.6,62.5,na,na,na,242,77.91,46,na,54.7,na,34248,40517.8,28189.4
"Hungary",2004,56.6,na,na,na,na,23.3,42.1,56.6,na,na,na,61,66.66,41.2,na,na,na,53588,49962.8,83899.5
"Malta",2004,53.3,na,na,na,na,45.1,54.6,53.3,na,na,na,81,79.68,47.4,na,56.4,na,5377.9,5064,4910.4
"Netherlands",2004,73.1,na,na,na,na,66.2,73.1,73.1,na,na,na,134,84.32,46.1,na,na,na,290760,331726,529286
"Austria",2004,65.3,na,na,na,na,48.9,59.1,65.3,na,na,na,127,80.6,na,na,na,na,106451.8,113581.9,242348.3
"Poland",2004,51.4,na,na,na,na,21.1,35.6,51.4,na,na,na,50,78.5,35.1,na,na,na,76699.9,70568.2,206126
"Portugal",2004,67.8,na,na,na,na,36.6,53.2,67.8,na,na,na,81,83.85,40,na,57.6,na,54105.3,42122.6,152248.4
"Romania",2004,58.7,na,na,na,na,28,42.9,58.7,na,na,na,34,59.51,34.4,na,na,na,21069.7,15549.8,60402
"Slovenia",2004,65.6,na,na,na,na,33.8,50.1,65.6,na,na,na,85,79.26,45.9,na,na,na,15646.5,15245.8,27692
"Slovakia",2004,56.7,na,na,na,na,26.3,41,56.7,na,na,na,57,79.49,34.1,na,na,na,24540.4,23998.9,34757.7
"Finland",2004,68.3,na,na,na,na,43.3,54.1,68.3,na,na,na,117,81.58,na,na,na,na,51350,61305,158758
"Sweden",2004,72.4,na,na,na,na,39.5,52,72.4,na,na,na,127,86.32,na,na,na,na,111356.9,132418.7,310182
"United Kingdom",2004,71.6,na,na,na,na,55,63,71.6,na,na,na,120,76.5,36.5,na,46.7,na,511706.9,461911.7,1941265.1
"Belgium",2005,61.1,na,na,na,na,27.5,45.2,61.1,na,na,na,120,82.67,45.7,na,52.9,na,217789.7,230304.7,310037.6
"Bulgaria",2005,55.8,na,na,na,na,21.6,35.6,55.8,na,na,na,37,70.78,46.6,na,na,na,13747.1,10224.1,24039.9
"Czechia",2005,64.8,na,na,na,na,27.5,45.3,64.8,na,na,na,80,81.5,39.1,na,na,na,65624.6,68193.4,110321.7
"Denmark",2005,75.9,na,na,na,na,62.3,68.1,75.9,na,na,na,124,85,na,na,na,na,89278.1,100993.5,212832.4
"Germany (until 1990 former territory of the FRG)",2005,65.5,na,na,na,na,41.9,51.1,65.5,na,na,na,117,85.5,na,na,na,na,751919,870921,2288310
"Estonia",2005,64.8,na,na,na,na,30.7,45.2,64.8,na,na,na,60,69.29,33.2,na,na,na,7997.4,7422.5,11343.3
"Ireland",2005,67.6,na,na,na,na,48.7,60.6,67.6,na,na,na,147,91.3,na,na,na,na,116912,135441,170306.8
"Greece",2005,59.6,na,na,na,na,25,42.6,59.6,na,na,na,93,84.35,48.7,na,65.8,na,58953.1,42463,199242.3
"Spain",2005,63.6,na,na,na,na,38.5,54.1,63.6,na,na,na,100,83.33,35.1,na,45.2,na,276195,231647,927357
"France",2005,63.8,8.9,na,na,28.8,30.4,45.7,63.8,9,10.9,na,111,86.47,na,na,na,na,475870,477378,1765905
"Croatia",2005,55,na,na,na,na,25.8,39.4,55,na,na,na,56,79.83,na,na,na,na,16605.6,13400.3,36801.1
"Italy",2005,57.6,na,na,na,na,25.7,40.5,57.6,na,na,na,109,83.7,na,na,na,na,368926.7,367450.6,1493635.3
"Cyprus",2005,68.5,na,na,na,na,36.7,53.8,68.5,na,na,na,101,84.88,na,na,na,na,8455.8,8375.7,15039.3
"Latvia",2005,62.1,na,na,na,na,32.2,44.9,62.1,na,na,na,50,67.4,36.2,na,na,na,7898,5926.3,13791.9
"Lithuania",2005,62.9,na,na,na,na,21.2,39.1,62.9,na,na,na,53,71.89,44.9,na,na,na,13081.8,11566.2,20979.9
"Luxembourg",2005,63.6,na,na,na,na,24.9,45.1,63.6,na,na,na,249,80.85,46.8,na,56.3,na,39441.9,46579.5,30281
"Hungary",2005,56.9,na,na,na,na,21.8,41.1,56.9,na,na,na,62,68.98,41.3,na,na,na,59480.1,56945.3,91110.9
"Malta",2005,53.6,na,na,na,na,45,55.7,53.6,na,na,na,81,81.69,50.5,na,57.4,na,5874.5,5336.5,5152.1
"Netherlands",2005,70.6,na,na,na,na,59.3,67.5,70.6,na,na,na,136,85.57,45.5,na,na,na,314965,361556,550883
"Austria",2005,67.4,na,na,na,na,51.6,61.1,67.4,na,na,na,127,82.3,na,na,na,na,115385.8,123530.7,254075
"Poland",2005,52.8,na,na,na,na,22.5,37.7,52.8,na,na,na,50,80.2,33.7,na,na,na,88438.5,85219.5,246216.8
"Portugal",2005,67.3,na,na,na,na,35.3,51.7,67.3,na,na,na,82,85.64,40.5,na,57.5,na,56857.5,42942.7,158552.7
"Romania",2005,57.6,na,na,na,na,24.9,40.5,57.6,na,na,na,35,64.9,32.6,na,na,na,27590,19437.8,79223.9
"Slovenia",2005,66,na,na,na,na,34.1,50.7,66,na,na,na,86,81.19,46.2,na,na,na,17604.8,17418.4,29122.3
"Slovakia",2005,57.7,na,na,na,na,25.6,40.4,57.7,na,na,na,60,81.71,34.4,na,na,na,29720.4,28489.4,39403.4
"Finland",2005,68.4,na,na,na,na,40.5,53,68.4,na,na,na,116,82.21,na,na,na,na,59791,66325,164687
"Sweden",2005,72.5,na,na,na,na,38.7,51.3,72.5,na,na,na,124,87.03,na,na,na,na,122318.5,142147.6,315774.8
"United Kingdom",2005,71.8,na,na,na,na,54.3,62.8,71.8,na,na,na,118,78.1,37.9,na,48.9,na,560185.7,510536.7,2037200.9
"Belgium",2006,61,na,na,na,na,27.6,45.2,61,na,na,na,118,84.6,45.5,na,52.4,na,236588.4,249732.6,325151.5
"Bulgaria",2006,58.6,na,na,na,na,23.2,37.3,58.6,na,na,na,38,76.02,44.7,na,na,na,17561.5,12876.6,27410
"Czechia",2006,65.3,na,na,na,na,27.7,45.5,65.3,na,na,na,80,83.2,39.7,na,na,na,77430.9,80822.6,124581.2
"Denmark",2006,77.4,na,na,na,na,64.6,70.3,77.4,na,na,na,125,86.5,na,na,na,na,105180.3,114412.1,225531.3
"Germany (until 1990 former territory of the FRG)",2006,67.2,na,na,na,na,43.5,53.1,67.2,na,na,na,116,87,na,na,na,na,859030,988208,2385080
"Estonia",2006,68.4,na,38.5,3.1,na,31.4,47.7,68.4,na,na,na,65,72.37,30.5,na,na,na,9956.4,8584.6,13568.9
"Ireland",2006,68.7,na,na,na,na,50.3,62.3,68.7,na,na,na,148,93.7,39.7,na,49.8,na,131266.7,146148,184916.2
"Greece",2006,60.6,na,38.7,3.5,na,24.2,42.9,60.6,na,na,na,96,87.14,47.7,na,67.1,na,69010.3,46130,217861.6
"Spain",2006,65,na,40.3,5,na,39.6,55.4,65,na,na,na,103,86.29,35.8,na,45.2,na,310541,253378,1003823
"France",2006,63.7,8.9,na,na,29.5,30,45.9,63.7,9.1,10.9,na,109,88.1,na,na,na,na,520594,516282,1848151
"Croatia",2006,55.6,na,na,na,na,25.5,39.6,55.6,na,na,na,59,82.46,na,na,na,na,18674.4,15241.7,40536.1
"Italy",2006,58.3,na,13.7,2.6,na,25.3,40.5,58.3,na,na,na,108,85.6,na,na,na,na,419143,406392.3,1552686.8
"Cyprus",2006,69.6,na,na,na,na,37.4,54.5,69.6,na,na,na,100,86.79,na,na,na,na,9168,8690.7,16263.8
"Latvia",2006,65.9,na,na,na,na,35.3,47.9,65.9,na,na,na,53,71.83,33.3,na,na,na,10485.2,6901,17363.1
"Lithuania",2006,63.6,na,na,na,na,23.7,41.2,63.6,na,na,na,55,74.59,42.1,na,52.4,na,16187.4,13719.4,24053.3
"Luxembourg",2006,63.6,na,na,na,na,23.3,43.7,63.6,na,na,na,264,83.24,46.2,na,55.6,na,47209.1,57325.3,34175
"Hungary",2006,57.4,na,na,na,na,21.6,40.8,57.4,na,na,na,62,71.76,41.7,na,na,na,69305.1,67971.6,92155.1
"Malta",2006,53.9,na,na,na,na,44.8,56.1,53.9,na,na,na,78,83.79,50.4,na,57.5,na,7047.4,6667.4,5403
"Netherlands",2006,71.6,na,na,na,na,60.5,68.7,71.6,na,na,na,137,86.99,44.1,na,na,na,348337,398550,584546
"Austria",2006,68.6,na,na,na,na,52.3,61.4,68.6,na,na,na,126,83.69,na,na,na,na,126538.1,136166.4,267824.5
"Poland",2006,54.5,na,na,na,na,24,40,54.5,na,na,na,51,81.2,36.1,na,na,na,110211.8,103819.1,274501.7
"Portugal",2006,67.6,na,na,na,na,34.8,51.3,67.6,na,na,na,83,88.25,40.7,na,56.9,na,63494.3,50472.4,166260.5
"Romania",2006,58.8,na,na,na,na,24,40.1,58.8,na,na,na,39,69.19,30.2,na,na,na,35884.6,24081.5,97215.6
"Slovenia",2006,66.6,na,na,na,na,35,50.7,66.6,na,na,na,86,83.25,45.2,na,na,na,20433.7,20418.6,31476.1
"Slovakia",2006,59.4,na,na,na,na,25.9,42.3,59.4,na,na,na,63,85.19,34.8,na,na,na,38025.9,37047,45602
"Finland",2006,69.3,na,na,na,na,42.1,54.1,69.3,na,na,na,115,83.26,na,na,na,na,67273,74474,172897
"Sweden",2006,73.1,na,na,na,na,40.3,52.6,73.1,na,na,na,126,88.34,na,na,na,na,137315,160183.3,337317.2
"United Kingdom",2006,71.6,na,42.6,1.1,na,53.6,62.5,71.6,na,na,na,116,79.9,37.9,na,49.3,na,634274.6,588447,2157333.5
"Belgium",2007,62,na,23,1.6,na,27.5,45.5,62,na,na,na,116,86.13,45.3,na,51.7,na,254850.6,269059.8,343618.9
"Bulgaria",2007,61.7,na,na,na,na,24.5,39,61.7,na,na,na,40,81.78,42.1,na,na,na,23107.6,16996.9,32444.5
"Czechia",2007,66.1,na,35.4,1.7,na,28.5,46.2,66.1,na,na,na,83,85.6,38.1,na,na,na,88514.1,91881.5,139002.1
"Denmark",2007,77,na,37.4,2,na,65.3,70.8,77,na,na,na,123,88,na,na,na,na,113390,120151.6,233383.3
"Germany (until 1990 former territory of the FRG)",2007,69,na,22.3,3.5,na,45.4,54.9,69,na,na,na,116,89,na,na,na,na,913627,1082874,2499550
"Estonia",2007,69.8,na,42,1.7,na,34.1,49,69.8,na,na,na,70,77.25,30.4,na,na,na,11708.8,10267,16401.3
"Ireland",2007,71.7,na,26.1,2.3,na,63,70.2,71.7,na,na,na,148,96.4,38.6,na,46.9,na,142993.7,159304.6,197069.4
"Greece",2007,60.9,na,34.3,3,na,24,42.8,60.9,na,na,na,93,89.75,46.4,na,65.3,na,81452.7,52403.5,232694.6
"Spain",2007,65.8,na,37.2,4.9,na,39.2,55.7,65.8,na,na,na,103,88.75,36.5,na,45.4,na,341622,279476,1075539
"France",2007,64.3,8,32.9,2.9,27.8,31.2,46.9,64.3,8.4,10.6,na,108,89.52,46.9,na,59.6,na,554598,540732,1941360
"Croatia",2007,59,na,na,na,na,27.4,44.5,59,na,na,na,62,84.65,na,na,na,na,20341.8,16640.8,44262.9
"Italy",2007,58.6,na,27.1,2.3,na,24.5,39.5,58.6,na,na,na,107,87.3,na,na,na,na,447317.3,441837,1614839.8
"Cyprus",2007,71,na,49.2,2.4,na,37.4,56.3,71,na,na,na,104,88.67,na,na,na,na,10205.6,9368.8,17591
"Latvia",2007,68.1,na,46.7,3.2,na,38.1,50.3,68.1,na,na,na,58,79.08,34.2,na,na,na,13062.2,8720.4,22791.5
"Lithuania",2007,65,na,37.4,3.1,na,24.8,41.6,65,na,na,na,60,78.93,38.7,na,na,na,18783.7,14981.7,29011.2
"Luxembourg",2007,64.2,na,50.8,2.2,na,22.5,43.7,64.2,na,na,na,268,85.45,46.8,na,56.8,na,51911.3,63831.9,37641.9
"Hungary",2007,57,na,40.3,4.1,na,21.1,40,57,na,na,na,60,77.45,39.8,na,na,na,79554.3,79698.6,102444.4
"Malta",2007,55,na,45.9,1.4,na,46.8,57.8,55,na,na,na,79,84.38,49,na,58,na,7705.3,7483.6,5790.3
"Netherlands",2007,73.5,na,39,0.9,na,63.1,71.1,73.5,na,na,na,139,88.36,44.2,na,na,na,381919,425837,619170
"Austria",2007,69.9,na,30.4,2.9,na,53.8,62.7,69.9,na,na,na,125,85.53,na,na,na,na,136799,149261.3,283978
"Poland",2007,57,na,31.7,3.2,na,25.8,42.5,57,na,na,na,53,83.3,32.4,na,na,na,132805.5,120882.7,313848.3
"Portugal",2007,67.6,na,31.7,3.5,na,34.4,50.7,67.6,na,na,na,81,90.39,41.6,na,56.9,na,68003.2,54740.6,175483.4
"Romania",2007,58.8,na,na,na,na,24.4,40.5,58.8,na,na,na,43,72.58,29.1,na,na,na,49514,31538.9,127632
"Slovenia",2007,67.8,na,25.9,2.3,na,37.6,53.6,67.8,na,na,na,87,86.42,43.4,na,na,na,24280.7,23814.6,35073.5
"Slovakia",2007,60.7,na,33.4,1.9,na,27.6,43.4,60.7,na,na,na,67,86.8,na,na,na,na,46732.7,46976.2,56339.3
"Finland",2007,70.3,na,28.8,3.2,na,44.6,56.2,70.3,na,na,na,120,84.57,na,na,na,na,73017,81986,187072
"Sweden",2007,74.2,na,38.6,1.3,na,42.2,54.3,74.2,na,na,na,129,89.82,na,na,na,na,149148.2,170894.7,358945.1
"United Kingdom",2007,71.5,na,42.3,0.9,na,52.6,62,71.5,na,na,na,112,81.8,38.9,na,50.6,na,619145.5,572974,2259235.2
"Belgium",2008,62.4,na,20.3,2.1,na,27.4,45.7,62.4,na,na,na,115,90,47.3,na,53.5,na,282125.5,284492,351743.1
"Bulgaria",2008,64,na,47.1,6.4,na,26.3,40.8,64,na,na,0.9,43,91.55,40.4,39.5,na,na,26896.2,19546.2,37217.7
"Czechia",2008,66.6,na,42,1.6,na,28.1,45.8,66.6,na,na,3.2,84,91,35,35,na,na,98520.4,102022.2,162064.5
"Denmark",2008,76.3,na,45.5,1.7,na,62.5,69.1,76.3,na,na,na,125,91.2,na,na,na,na,122383.1,130896,241613.5
"Germany (until 1990 former territory of the FRG)",2008,70.1,na,22.3,2.2,na,46.6,56.3,70.1,na,na,1.3,116,91.4,na,na,na,na,960679,1115342,2546490
"Estonia",2008,70.1,na,41,2.4,na,35.9,50.1,70.1,na,na,2.5,69,85.45,34.1,34.9,na,na,11682,11033.1,16618.1
"Ireland",2008,69.7,na,na,na,na,57.1,65.5,69.7,na,na,0.8,133,99.5,na,43.6,na,46.6,141784.8,157941.9,187283
"Greece",2008,61.4,na,32.7,2.1,na,23.5,42.9,61.4,na,na,na,93,93.55,49.5,48.4,69.7,61.6,87039.5,56532.8,241990.4
"Spain",2008,64.5,na,35.5,6.1,na,36,52.3,64.5,na,na,0.6,101,92.41,36.5,35.2,45.2,42.1,336850,284308,1109541
"France",2008,64.9,7.4,33.9,3.3,25.8,31.4,47.5,64.9,8.5,10.4,na,106,92.34,46.5,47.3,59.1,59.7,583323,560245,1992380
"Croatia",2008,60,na,na,na,na,28,45.4,60,na,na,na,63,89.56,37.8,36.9,na,na,22384.7,17472,48333.6
"Italy",2008,58.6,na,27.7,2.5,na,24.2,39.1,58.6,na,na,na,107,90.4,na,na,na,na,452498,439931.5,1637699.4
"Cyprus",2008,70.9,na,62,2,na,38,56.1,70.9,na,na,4,105,92.55,na,na,na,na,11946.4,9520.3,19009.6
"Latvia",2008,68.2,na,38.4,5.1,na,37,50.2,68.2,na,na,1.6,59,91.14,37.4,36.2,na,na,12736.5,9630.5,24531.5
"Lithuania",2008,64.4,na,36.7,3.3,na,26,41.1,64.4,na,na,1.7,63,87.69,40.1,na,na,na,22609.8,18819.2,32660.1
"Luxembourg",2008,63.4,na,49.2,2.3,na,23.8,42.7,63.4,na,na,0.6,275,88.94,46.2,na,56.6,na,52300,64613.3,40009.6
"Hungary",2008,56.4,na,41.1,3.9,na,20.2,38.9,56.4,na,na,1.3,63,82.12,38.8,38.5,na,na,85749.3,85788.9,108378.8
"Malta",2008,55.5,na,33,1.9,na,46.6,58.4,55.5,na,na,na,80,88.33,50.2,49.3,58.5,56.7,9329.1,9215.6,6206
"Netherlands",2008,74.9,na,44,0.7,na,64.3,71.9,74.9,na,na,2.9,140,90.32,44.2,na,52.5,na,396514,451703,647198
"Austria",2008,70.8,na,36.1,2.8,na,54.4,63.4,70.8,na,na,na,125,88.29,na,na,na,na,143428.7,156424.9,293761.9
"Poland",2008,59.2,na,33.9,2.5,na,27.3,45,59.2,na,na,1.5,55,86.8,35.7,38.8,na,na,157730.1,138417.8,366040.5
"Portugal",2008,68,na,43.3,3.4,na,34.1,50.9,68,na,na,0.6,81,92.78,39.9,44.6,58.7,na,73100.2,55989.5,179102.8
"Romania",2008,59,na,35.1,0.7,na,24.8,40.4,59,na,na,2,51,78.33,30.5,30.1,na,na,57198.9,38341.3,146590.6
"Slovenia",2008,68.6,na,23.6,3,na,38.4,54.8,68.6,na,na,1,89,91.19,43.5,41,na,na,25948.1,25149.8,37925.7
"Slovakia",2008,62.3,na,34,1.7,na,26.2,43.2,62.3,na,na,1.3,71,90.22,33.5,34.7,43.4,43.8,54149.4,52976.3,66098.1
"Finland",2008,71.1,na,33.1,2.3,na,44.7,56.6,71.1,na,na,2.3,121,87.89,na,na,na,na,80201,87225,194265
"Sweden",2008,74.3,na,42.2,2.3,na,42.2,54.3,74.3,na,na,na,127,92.83,na,na,na,na,154292.5,174200.2,354881.1
"United Kingdom",2008,71.5,na,40.2,1.4,na,52,61.7,71.5,na,na,2.2,111,84.7,38.2,38.1,49.8,47.3,583371.4,539808.9,1995854.5
"Belgium",2009,61.6,8,18.7,2.6,41.8,25.3,43.9,61.6,10.4,12.2,na,117,89.99,na,na,na,na,230654,238491.1,346472.8
"Bulgaria",2009,62.6,7.9,25.1,5.1,43.5,24.8,38.7,62.6,19.3,20.8,0.7,43,93.81,39,38.3,na,na,18886.1,15797.3,37417.7
"Czechia",2009,65.4,6.7,25.5,2.9,30.6,26.5,43.7,65.4,8.5,12.7,1.1,86,91.5,34.1,34,na,na,81452.6,87276.9,149586.5
"Denmark",2009,73.5,6.4,56.2,2.5,10,58.7,64.6,73.5,6.5,7.4,na,125,92.1,na,na,na,na,98591.4,108992.3,231278
"Germany (until 1990 former territory of the FRG)",2009,70.3,7.3,22.7,2.8,47.9,46,56,70.3,10,12.9,1.5,116,91.6,na,na,na,na,809752,932310,2445730
"Estonia",2009,63.8,13.5,29.9,8.1,27.3,28.3,42.6,63.8,14.2,17.7,0.9,63,85.62,na,36.2,na,na,7899.8,8601.3,14131.9
"Ireland",2009,63.6,12.6,na,na,28.9,45.3,55.4,63.6,18.3,20.2,0.4,128,97.8,na,42.7,na,45,135675.7,158596.1,169519.7
"Greece",2009,60.8,9.8,29.3,4.1,36.8,22.8,42.3,60.8,10.5,15.5,1.7,94,94.81,na,50.7,na,64.5,68318.8,45089.2,237534.2
"Spain",2009,60,17.9,25.2,10.7,24.2,28,44.4,60,18.1,19.9,0.6,99,92.19,na,35.1,na,41.8,255923,246604,1069323
"France",2009,64.1,9.1,29,4.7,23.6,30.5,46.4,64.1,10.1,12,na,108,92.44,na,47.9,na,59.4,496245,480921,1936422
"Croatia",2009,59.4,9.2,na,na,58.8,27.1,43.7,59.4,13.4,14.9,na,62,91.56,37.8,37.1,na,na,17249.8,14719.7,45413.1
"Italy",2009,57.4,7.9,21.9,3.4,46.7,21.5,36,57.4,18.6,20.7,na,106,91.1,na,na,na,na,363078,353292.1,1577255.9
"Cyprus",2009,69,5.4,54.1,3.9,10.4,34.8,52.8,69,9.9,11.5,2.5,105,92.71,na,na,na,na,10097.6,9099.1,18675.5
"Latvia",2009,60.3,17.7,23.7,13.3,26.5,27.5,40.6,60.3,17.5,20.8,0.9,53,94.11,41.3,40.9,na,na,8363.2,7987.8,18922
"Lithuania",2009,59.9,13.8,25.6,6.7,24.3,20.6,37.3,59.9,12.1,15,0.5,56,91.34,42.3,40.5,na,na,14403.2,13929.8,26897
"Luxembourg",2009,65.2,5.1,30.3,3,24.4,26.7,46.3,65.2,5.8,7.5,0.4,269,88.95,47.2,45.4,58.2,56.3,45145.6,57765.8,39050.7
"Hungary",2009,55,9.7,37.6,5.5,42,18.1,35.9,55,13,15.5,0.9,64,85.43,na,38.6,na,na,66957.7,70220.3,94638
"Malta",2009,55.3,6.9,29.1,2.2,46.6,44.1,56.4,55.3,9.9,12.6,2.2,83,89.95,49.3,45.7,56.2,54.4,9259.8,9203.1,6259.6
"Netherlands",2009,74.6,5.4,46.2,1.5,20.5,62.9,70.7,74.6,6.3,6.5,1.7,138,91.2,43.9,44.1,52,51.4,341492,388883,624842
"Austria",2009,70.3,5.7,28.9,4.1,25.8,53.1,62.4,70.3,9,10,1.5,127,88.64,na,na,na,na,120560.3,130217.3,288044
"Poland",2009,59.3,8.5,28.2,3.4,38.9,26.8,44.7,59.3,12.8,15,0.6,59,90.3,41,41.7,na,na,120873.5,117756,317040.6
"Portugal",2009,66.1,11.2,27.2,6.2,45.8,30.8,48.3,66.1,11.1,12.5,0.4,82,91.95,40.9,43.2,na,58.3,59990.6,47877.7,175416.4
"Romania",2009,58.6,8.4,29.9,1.2,31.7,24.5,39.5,58.6,15.9,17.9,0.9,52,82.7,na,33.3,na,na,40630.9,32585.2,125213.9
"Slovenia",2009,67.5,5.9,21.6,3.5,31.7,35.3,51.1,67.5,6.8,8,0.7,85,91.97,45.8,41.1,na,na,20251.1,20761.1,36254.9
"Slovakia",2009,60.2,12,27.6,3.7,64.1,22.8,39.9,60.2,12.8,16.5,1,71,91.05,35.7,36.5,46.8,46.1,43716.1,43608.1,64095.5
"Finland",2009,68.7,8.3,23.3,3.3,25.2,39.6,52.1,68.7,9.1,10.8,1.6,118,89.32,na,na,na,na,61871,65576,181747
"Sweden",2009,72.2,8.5,34.7,3.1,15.5,38.3,50.5,72.2,9.7,9.9,0.8,125,94.63,na,na,na,na,119734.9,136722.5,314637.5
"United Kingdom",2009,69.9,na,28.4,2.3,na,47.9,58.3,69.9,na,na,1.6,109,86.6,38.6,38.4,49.7,47.2,486701.7,458786.2,1738066.5
"Belgium",2010,62,8.4,20.5,2.8,46.1,25.2,43.2,62,10.2,12.3,1.5,119,92.09,na,44.7,na,50.9,269259.7,275442,363140.1
"Bulgaria",2010,59.8,11.3,19.1,5.5,45.9,24.3,39.4,59.8,20.8,23.5,0.7,44,96.66,na,35.8,na,49.9,20407.4,19183.7,38284.9
"Czechia",2010,65,7.3,27.8,3,41.7,25.2,42.6,65,8.8,12.9,0.8,83,92.6,na,33.3,na,na,98678.3,103506.1,157920.8
"Denmark",2010,71.8,7.7,34.9,5.8,21.5,54,59.9,71.8,6.9,8.2,na,129,94.1,na,na,na,na,105964.3,122854.3,243165.4
"Germany (until 1990 former territory of the FRG)",2010,71.3,6.6,22.8,2.8,50,46.2,56.6,71.3,9.4,12.3,1.6,119,92.7,na,na,na,na,956602,1091549,2564400
"Estonia",2010,61.2,16.6,30.9,8.7,46,25.3,40.9,61.2,13.7,17.1,1,65,87.96,na,35.6,na,na,10116.7,11063.1,14741.1
"Ireland",2010,61,14.6,na,na,49.3,38.7,50.1,61,19.4,21.7,0.5,130,96.2,na,42.9,na,47.7,144924.8,172796.6,167363.1
"Greece",2010,59.1,12.9,27.3,5,40.6,20.1,39,59.1,12.6,18.2,1.1,84,99.27,na,40.4,na,51.4,65890.6,48854.8,224124
"Spain",2010,58.8,19.9,29.2,8.6,37.3,25,41.4,58.8,17.8,20,1.2,95,94.08,na,35.3,na,41.1,289380,278386,1072709
"France",2010,64,9.3,32.5,4.3,27.4,30.1,46.1,64,10,12.1,na,108,94.05,na,47.4,na,59.6,560267,534504,1995289
"Croatia",2010,57.4,11.7,na,na,57.8,24.2,40.3,57.4,15.7,17.6,na,60,92.55,na,37.3,na,na,17080.5,16319.2,45578
"Italy",2010,56.8,8.5,22.5,2.9,50.9,20.2,34.1,56.8,20,22.2,na,104,92.6,na,na,na,na,433952,404013,1611279.4
"Cyprus",2010,68.9,6.3,47,3.6,20.9,33.8,52.3,68.9,11.7,12.9,1.6,100,95.09,na,na,na,na,11397.8,9778.7,19410
"Latvia",2010,58.5,19.7,29,9.7,46.1,25.4,40.1,58.5,17.8,20.7,0.9,53,92.96,na,42.2,na,na,9927.8,9553.2,17937.5
"Lithuania",2010,57.6,17.8,20.8,5.9,42.2,18.3,33.6,57.6,13.2,17,0.6,60,92.43,na,42,na,53,18486.9,17925.5,28033.8
"Luxembourg",2010,65.2,4.4,39.5,2.6,29.8,21.2,43.5,65.2,5.1,6.1,0.6,271,91.44,na,45.9,na,56.8,55531.5,68993.4,42402.7
"Hungary",2010,54.9,10.8,35.3,5.7,49.3,18.3,35,54.9,12,15.6,1,65,89.47,na,38.8,na,na,76183.2,80922.1,99813.8
"Malta",2010,56.2,6.9,31.1,2,61.7,44.2,56.3,56.2,9.5,12.2,na,86,91.79,na,46.3,na,53.5,10284.4,10288.2,6815.8
"Netherlands",2010,73.9,6.1,54.2,1.1,23.1,60.7,68.6,73.9,6.2,6.8,1.5,135,92.05,na,44.3,na,50.5,394496,446176,639187
"Austria",2010,70.8,5.2,38.6,2.9,30.5,52.8,62.3,70.8,8.1,9.5,1.9,126,90.14,na,na,na,na,141313.2,151683,295896.6
"Poland",2010,58.9,10,34.6,3.6,40,26.4,43.9,58.9,13.6,15.9,0.6,62,92.7,na,41.4,na,na,152302.1,144438.9,362190.9
"Portugal",2010,65.3,12.6,25.9,4.9,53.6,27.9,45.1,65.3,11.6,13.3,0.4,82,93.22,na,42.8,na,59.7,67738.4,54007.7,179610.8
"Romania",2010,60.2,9,28.6,0.9,34.7,24.3,40.6,60.2,21.4,24.2,0.6,51,87.73,na,32.3,na,na,48950.5,40630.8,125472.3
"Slovenia",2010,66.2,7.3,24.4,5.6,45.9,34.1,49.8,66.2,6.6,8,0.7,83,93.86,na,47.5,na,na,22988,23372.8,36363.9
"Slovakia",2010,58.8,14.3,27.6,3.2,76,20.6,37.9,58.8,14.3,18.2,0.8,75,91.69,na,36.6,na,46.4,52858.6,52647.4,68492.1
"Finland",2010,68.1,8.6,23.6,5.1,35.9,38.8,51.6,68.1,8.3,10,1.9,117,90.83,na,na,na,na,69707,72274,188143
"Sweden",2010,72.1,8.8,46.7,1.9,21.2,38.8,50.6,72.1,7.7,8.3,1.2,127,96.43,na,na,na,na,148265.1,167409.5,374695.2
"United Kingdom",2010,69.4,na,35.7,1.9,na,46.8,57.6,69.4,na,na,1.7,109,89.4,na,38.2,na,47.2,565170.7,528890,1872175.5
"Belgium",2011,61.9,7.2,24.1,2.5,45.7,26,43.5,61.9,11.1,13.1,1.8,118,95.18,na,na,na,na,303768.3,303396.1,375967.8
"Bulgaria",2011,58.4,12.3,24.6,5.6,55.6,22.1,37.2,58.4,21.5,24.8,0.7,45,99.94,na,35.3,na,na,24328.8,24390.8,41478.9
"Czechia",2011,65.7,6.7,32.8,2.6,41.5,24.5,42.7,65.7,8.3,12.1,0.9,83,94.6,na,32.5,na,na,110753.2,116999.3,165202.2
"Denmark",2011,71.6,7.8,45.5,4.1,26.1,53,59,71.6,7.2,8.4,na,128,96.6,na,na,na,na,117558.6,133409.3,247879.9
"Germany (until 1990 former territory of the FRG)",2011,72.7,5.5,24,1.9,51.2,47.9,58.4,72.7,8.5,11,2.3,122,95,na,na,na,na,1081437,1213641,2693560
"Estonia",2011,65.3,12.3,48.1,3.8,59.1,31.1,46.4,65.3,11.4,14.1,1.3,71,92.43,na,33.8,na,na,13473.3,14443.1,16677.3
"Ireland",2011,60,15.4,20,5.3,59.5,36.2,47.5,60,19.1,22.4,0.5,130,97.4,na,43.2,na,na,145142.7,177303.1,171683.4
"Greece",2011,55.1,18.1,22.2,11.3,44.9,16.1,33.2,55.1,14.9,22.7,0.9,74,102.36,na,50.1,na,63.8,63725.3,51822.8,203308.2
"Spain",2011,58,21.4,27.7,8.6,42.4,22,38.7,58,18.2,20.6,1,92,96.94,na,34.6,na,41.4,311238,314182,1063763
"France",2011,63.9,9.2,35.9,3.5,28.5,29.6,45.4,63.9,9.8,12,na,108,96.2,na,47,na,59.1,625111,585016,2058369
"Croatia",2011,55.2,13.7,21.1,6.7,62.9,20.6,36,55.2,16.2,19.1,na,60,94.59,na,35.7,na,na,18182.3,17410.6,45378.6
"Italy",2011,56.8,8.5,19.3,6.5,54.3,19.2,33.4,56.8,20.8,22.7,na,104,95.3,na,na,na,na,466153.7,443061.3,1648755.8
"Cyprus",2011,67.6,7.9,42.6,4.1,21.3,30.1,50.4,67.6,14.6,14.8,1.1,96,98.4,na,na,na,na,11351.5,10593.7,19803
"Latvia",2011,60.8,16.3,37.9,8.2,56.3,25.8,41.9,60.8,16,19.1,1.3,55,96.88,na,45.1,na,na,12922.6,11756.3,19666
"Lithuania",2011,60.2,15.4,26.6,3.6,52.8,19,34.6,60.2,11.8,14.7,0.9,66,96.24,na,41.1,na,na,23665.2,22824.3,31317.2
"Luxembourg",2011,64.6,4.9,36.2,2.8,29.4,20.7,42.3,64.6,4.7,6.6,0.8,271,94.85,na,46.7,na,58.2,61709.5,75123.5,44323.5
"Hungary",2011,55.4,10.7,36,4.7,48,18,34.8,55.4,12.7,15.5,1.1,66,92.98,na,39.1,na,na,82084.7,87930.1,102193.5
"Malta",2011,57.9,6.4,27.7,1.3,62.7,45,57.6,57.9,10.2,12.1,na,83,94.1,na,46.9,na,54.2,11018.2,11120,6924.6
"Netherlands",2011,74.2,6,33.9,1.7,28.5,61.3,68.8,74.2,5.6,6.5,1.6,134,94.32,na,43.8,na,51.8,435537,491041,650359
"Austria",2011,71.1,4.9,34,3.3,31.3,53.9,63.4,71.1,8,8.9,2,128,93.35,na,na,na,na,158643.6,167310.3,310128.7
"Poland",2011,59.3,10,30.2,3.7,47.6,24.9,43.4,59.3,14.5,16.4,0.6,65,96.3,na,41.3,na,na,169254.2,161038.7,379860
"Portugal",2011,63.8,13.5,28.3,4.8,49.9,26.6,43.9,63.8,12.6,13.9,0.4,77,96.54,na,42.6,na,62.2,68051.8,60673.7,176096.2
"Romania",2011,59.3,9.1,31.6,0.9,40.9,23.4,39.9,59.3,21.6,24.4,0.6,52,92.84,na,35.8,na,na,56619.3,48854,131841.6
"Slovenia",2011,64.4,8.2,na,na,46.5,31.5,47.8,64.4,6.5,8,0.8,83,95.81,na,49,na,na,25581.8,26032.6,37058.6
"Slovakia",2011,59.3,13.5,25.3,2.8,80.6,20,37.4,59.3,14.1,18,0.8,75,95.43,na,36.6,na,46.7,60040.7,60542.9,71477.1
"Finland",2011,69,8,27.8,3.3,33.1,40.4,52.8,69,7.8,9.6,2.1,118,93.85,na,na,na,na,78564,77022,197998
"Sweden",2011,73.6,8,42.5,2,22.3,40.9,52.8,73.6,7.6,7.9,1.5,128,97.75,na,na,na,na,167284,186899.7,412844.7
"United Kingdom",2011,69.3,na,38.4,1.9,na,45.8,56.7,69.3,na,na,1.7,107,93.4,na,38.7,na,47.9,605760,587512.1,1912869.3
"Belgium",2012,61.8,7.6,23.9,2.3,41.8,25.3,42.7,61.8,11.5,13.6,2.4,120,97.68,na,na,na,na,310258.7,310501.8,386174.7
"Bulgaria",2012,58.8,13.3,18.2,3.9,55,21.9,37.5,58.8,21.2,24.7,0.7,46,102.33,na,37.8,na,na,26892.2,25503.6,42256.8
"Czechia",2012,66.5,7,35.1,2,44.3,25.2,42.9,66.5,8.9,12.9,1,83,98,na,31.7,na,na,115246.3,122991.2,162587.5
"Denmark",2012,71,7.8,37.2,4.8,30.3,51.3,57.3,71,7.3,9,na,127,98.9,na,na,na,na,123751.6,139077.2,254578
"Germany (until 1990 former territory of the FRG)",2012,73,5.1,19.6,1.8,48.4,46.6,57.7,73,8.1,10.6,2.2,123,97,na,na,na,na,1103805,1271274,2745310
"Estonia",2012,67.1,9.9,36.3,2.8,56.3,32.3,47.4,67.1,12,14.1,1.4,73,96.33,na,33.5,na,na,15148.9,15445.6,17916.7
"Ireland",2012,59.9,15.5,21.6,4.4,61.8,34.8,47,59.9,19.2,21.6,0.6,131,99.2,na,42.8,na,na,152398.6,183012.7,175512.8
"Greece",2012,50.8,24.8,16.6,5.9,53.7,13,28.6,50.8,17.3,26.4,0.7,71,103.42,na,na,na,na,62766,54145.5,188380.6
"Spain",2012,55.8,24.8,20.9,10.5,45,18.4,34.5,55.8,18.6,22.2,0.8,90,99.31,na,34.7,na,41.5,303041,324335,1031099
"France",2012,64,9.8,31.9,4.1,28,28.6,44.3,64,9.9,12.4,na,107,98.33,na,48,na,60.3,637065,609994,2088804
"Croatia",2012,53.5,16,17,7.1,65.8,17.4,33.4,53.5,16.6,19.7,1,61,97.76,na,36.2,na,na,18085.3,17372.4,44483.6
"Italy",2012,56.6,10.9,19.6,4.5,55.6,18.5,32.3,56.6,22.1,23.9,na,102,98.4,na,na,na,na,443051.6,460980.7,1624358.7
"Cyprus",2012,64.6,11.9,36.6,6.9,30.3,28.1,47.2,64.6,16,17.3,0.6,90,101.45,na,na,na,na,11125.1,10753.1,19440.8
"Latvia",2012,63,15.1,29,7.6,53.5,28.7,45.4,63,14.9,17.2,1.4,60,99.09,na,43.8,na,na,14757.8,13577.5,22097.5
"Lithuania",2012,62,13.4,24.9,3.6,50,21.5,38,62,11.2,13.9,0.9,70,99.28,na,40.8,na,na,25931.8,26135.6,33410.2
"Luxembourg",2012,65.8,5.1,35.8,2.9,31.4,21.7,42.8,65.8,5.9,7.6,0.8,273,97.59,na,46.9,na,58.6,65404.3,79658.4,46526.2
"Hungary",2012,56.7,10.7,35,4.2,45.9,18.4,35.1,56.7,14.4,16.9,1,66,98.24,na,44.2,na,na,79966.8,86092.1,100281.2
"Malta",2012,59.9,6.2,23.8,1.3,62.7,44.5,57.9,59.9,10.8,12,na,86,97.13,na,45.8,na,53.1,11750.5,12012.9,7364.5
"Netherlands",2012,74.4,6.8,49.8,1.9,30.1,61.1,68.5,74.4,6.2,7.2,1.4,134,96.99,na,43.4,na,51.1,455542,519130,652966
"Austria",2012,71.4,5.2,37.5,3.2,29.6,53.7,63.5,71.4,7.4,8.6,1.9,132,95.75,na,na,na,na,163081.9,171988.8,318653
"Poland",2012,59.7,10.4,28.7,3.7,51.7,24.7,43.2,59.7,14.9,16.9,0.4,66,99.8,na,43.1,na,na,174629.7,171672.3,387947
"Portugal",2012,61.4,16.6,19.9,8.2,50,23,40.1,61.4,13.9,15.6,0.4,75,99.22,na,43.3,na,62.4,64411.5,63578.7,168295.6
"Romania",2012,60.2,8.7,25,0.6,43.8,23.7,40.2,60.2,21.2,24.3,0.6,53,95.98,na,34.2,na,na,56825.4,49808.9,132711.2
"Slovenia",2012,64.1,8.9,21,5.3,49.5,27.3,44.8,64.1,8.5,10.1,0.8,82,98.5,na,50,na,na,25193.4,26425.6,36253.3
"Slovakia",2012,59.7,13.9,24.3,3,79.4,20.1,38,59.7,14.1,18,0.8,76,99,na,36.7,na,46,62840.9,66896.6,73360.8
"Finland",2012,69.4,7.9,25.3,2.2,32.2,41.8,53.3,69.4,7.9,9.9,2.2,116,96.81,na,na,na,na,81143,78019,201037
"Sweden",2012,73.8,8.1,45.6,2,21.4,40.2,52.3,73.8,7.9,8.4,1.5,129,98.66,na,na,na,na,173110.3,193635.1,430037.1
"United Kingdom",2012,69.9,na,32.2,1.8,na,46.2,57,69.9,na,na,1.7,108,96.1,na,39.3,na,48.4,659177.2,633044.8,2111028.9
"Belgium",2013,61.8,8.6,23.9,3.4,42.8,23.6,41.4,61.8,11.8,14.1,2.4,119,98.9,na,na,na,na,308514.9,311649.5,392880
"Bulgaria",2013,59.5,13.9,21.4,3.8,57.1,21.2,36.7,59.5,21.3,25.8,0.7,46,102.72,na,39,na,na,27396.1,27156.7,42050.2
"Czechia",2013,67.7,7,31.1,2.3,44.2,25.6,44.3,67.7,9.1,12.8,0.9,84,99.3,na,32.6,na,na,112203.6,121283.9,159461.5
"Denmark",2013,70.7,7.4,37.5,4.6,27.6,49.5,56.4,70.7,6.6,8.2,na,128,99.4,na,na,na,na,124769.1,141865.6,258742.7
"Germany (until 1990 former territory of the FRG)",2013,73.5,5,18.5,1.6,47.4,46.9,58,73.5,7.1,9.9,2.1,123,98.6,na,na,na,na,1114987,1276878,2811350
"Estonia",2013,68.5,8.6,29.8,3.9,45.7,32.4,48.6,68.5,11.2,13.5,1.4,75,99.46,na,34.6,na,na,15485,15992.5,18910.8
"Ireland",2013,61.7,13.8,17.6,3.5,60.8,36.6,48.1,61.7,16.4,18.8,0.7,131,99.7,na,42.5,na,na,152455.9,186244.3,179411.2
"Greece",2013,48.8,27.8,13.6,7.1,60.9,11.8,25.6,48.8,17.5,28.1,na,71,102.54,na,na,na,na,58767,54338,179884.4
"Spain",2013,54.8,26.1,22.3,9.4,50.4,16.8,32.6,54.8,18.6,22.5,0.6,89,100.83,na,34.3,na,41.3,296245,336333,1020348
"France",2013,64,10.3,27.9,4.3,28.9,28.4,44.1,64,10.7,13,na,108,99.31,na,47.9,na,60.1,643611,621707,2117189
"Croatia",2013,52.5,17.3,16,8.3,65.9,14.9,31.6,52.5,19.6,22.3,0.8,60,100.04,na,36.8,na,na,18554.9,17667.9,44329.4
"Italy",2013,55.5,12.4,18,5.2,59.6,16.3,29.1,55.5,23.3,26.2,na,99,99.7,na,na,na,na,423094.6,461783,1612751.3
"Cyprus",2013,61.7,15.9,21.5,9.8,38.4,23.5,43.2,61.7,18.7,20.4,0.4,83,101.84,na,na,na,na,10757.4,11041.8,17995
"Latvia",2013,65,11.9,35.4,6.5,49.2,30.2,47.9,65,13,15.6,1.6,62,99.11,na,42.1,na,na,14760.3,13764.8,22791.3
"Lithuania",2013,63.7,11.8,29.1,2.6,43.3,24.6,41.1,63.7,11.1,13.7,0.9,73,100.44,na,47.3,na,na,27056.9,27565.1,35039.5
"Luxembourg",2013,65.7,5.9,37.1,3.1,31.1,21.9,41.9,65.7,5,7.2,0.7,275,99.25,na,47.7,na,59.6,70769.8,86594.5,49094.5
"Hungary",2013,58.1,9.8,38.5,3.8,49.4,20.1,36.9,58.1,15,16.7,1.3,67,99.92,na,45.1,na,na,80703.2,87323.8,102276.1
"Malta",2013,62.2,6.1,27.7,1.4,59.9,46.7,60.3,62.2,9.9,10.9,na,88,98.08,na,46.3,na,52.7,11785.9,12391,7944.3
"Netherlands",2013,73.6,8.2,27.2,2.9,32.3,60.1,67.3,73.6,7,8.2,1.2,135,99.47,na,43.4,na,50.7,460137,527581,660463
"Austria",2013,71.4,5.7,25.3,3.4,28.9,53.1,62.9,71.4,8,9,1.7,131,97.77,na,na,na,na,163979.9,173101.8,323910.2
"Poland",2013,60,10.6,24.6,3.9,54.3,24.2,42.8,60,15.4,17.5,0.4,66,100.6,na,44.3,na,na,174820,180473.1,392310.7
"Portugal",2013,60.6,17.2,18.8,7.1,57.9,21.7,37.8,60.6,14.1,16.4,0.4,76,99.65,na,43.1,na,61.4,65653,67526,170492.3
"Romania",2013,60.1,9,19.2,0.5,44.8,22.9,40.2,60.1,21.4,24.5,0.7,54,99.04,na,35.8,na,na,58821.4,57525.1,143690.4
"Slovenia",2013,63.3,10.1,19.5,6.2,52.8,26.5,43.5,63.3,8.5,11,0.8,82,100.4,na,51.4,na,na,25350.3,27055.1,36454.3
"Slovakia",2013,59.9,14.1,23,3.1,82.9,20.4,38,59.9,14,18.3,0.8,76,100.45,na,36.9,na,46.4,65441.2,69607.6,74217.3
"Finland",2013,68.9,8.3,24.6,2.8,31,41.5,53,68.9,8.5,10.4,1.3,113,98.96,na,na,na,na,79841,77678,204321
"Sweden",2013,74.4,8.2,30.4,2.7,20.8,41.7,53.7,74.4,7.5,7.9,1.5,127,99.1,na,na,na,na,169179.6,187905,441850.7
"United Kingdom",2013,70.5,na,38.7,1.8,na,46.3,57.5,70.5,na,na,1.9,109,98.5,na,39.3,na,48.3,655624.9,626180.4,2096338
"Belgium",2014,61.9,8.7,22.6,2.3,46.5,23.2,41.5,61.9,11.2,13.3,2.2,119,99.38,na,na,na,na,318300.9,321600.7,403003.3
"Bulgaria",2014,61,12.4,20.9,4.8,59.7,20.7,38,61,20,24,0.7,47,101.08,na,40.3,na,58.7,28262.2,27795.2,43026
"Czechia",2014,69,6.1,34.1,1.8,44.7,27.1,45.7,69,8.1,12.1,1.3,86,99.8,na,32.8,na,na,119345.5,129341.3,157821.3
"Denmark",2014,71.1,6.9,31,3.8,27.4,50,56.9,71.1,6.4,8,na,127,99.8,na,na,na,na,126635.3,145138.2,265757
"Germany (until 1990 former territory of the FRG)",2014,73.8,4.7,17.5,1.7,47.2,46.1,57.8,73.8,7.2,9.9,2.3,125,99.3,na,na,na,na,1141722,1335472,2927430
"Estonia",2014,69.6,7.3,40.9,2.8,46.2,33.3,50.7,69.6,11.5,13.2,1.4,77,99.93,na,36.2,na,na,15713,16412.6,20048.2
"Ireland",2014,63.1,11.9,20.6,3.4,57.9,36.8,48.1,63.1,15.2,17.8,0.7,136,100,na,42.7,na,42.5,179164.3,214349.7,194933.8
"Greece",2014,49.4,26.6,15.4,6.1,66.6,13.3,27.1,49.4,16.4,26.3,0.9,71,101.11,na,na,na,na,60332.4,57576.2,177236
"Spain",2014,56,24.5,24.5,7.9,53.6,16.7,33.1,56,17.1,20.7,0.4,89,100.63,na,34.2,na,40.1,313601,345593,1032158
"France",2014,63.7,10.3,25.1,4,31.1,27.6,43.1,63.7,11.1,13.4,na,107,99.91,na,47.4,na,59.7,662388,637764,2149765
"Croatia",2014,54.6,17.3,na,na,60.8,18.3,34.8,54.6,19.3,21.8,0.9,59,100.26,na,38.2,na,na,18954.2,18788.5,43918.6
"Italy",2014,55.7,12.9,23.5,3.6,64.1,15.6,28.3,55.7,23.2,26.3,na,97,99.9,na,na,na,na,426596.5,473718.7,1627405.6
"Cyprus",2014,62.1,16.1,29.6,6.7,48.5,25.8,44.9,62.1,17,19.5,0.7,80,101.57,na,na,na,na,11345.1,11508.6,17430.2
"Latvia",2014,66.3,10.9,33.7,5.5,43.1,32.5,50.3,66.3,12,15.2,1.4,63,99.79,na,44.4,na,na,15138.5,14443.6,23625.8
"Lithuania",2014,65.7,10.7,22.7,3.8,45.1,27.6,44.2,65.7,9.9,12.9,1,75,100.68,na,45.7,na,54.9,25772,26437.5,36581.3
"Luxembourg",2014,66.6,5.9,29,2.3,28.4,20.4,43.4,66.6,6.3,6.5,0.9,279,99.94,na,47.6,na,59.8,78021.7,94665.5,51791.3
"Hungary",2014,61.8,7.5,41.6,3.7,48.3,23.5,40.8,61.8,13.2,14.7,1.4,68,99.94,na,45.5,na,na,86361.8,92580.7,106297.8
"Malta",2014,63.9,5.7,30.1,1,53.2,46.7,60.5,63.9,10.3,11.6,na,91,98.84,na,44.6,na,53.1,12061.5,13110.2,8751.1
"Netherlands",2014,73.1,8.4,31.1,2.2,36.3,58.8,66.3,73.1,6.9,8.2,1.4,131,99.79,na,43.3,na,50.6,466572,541129,671560
"Austria",2014,71.1,6,33.5,4.1,32.3,52.1,61.9,71.1,8.4,9.7,1.7,130,99.2,na,na,na,na,166962.7,177855.3,333146.1
"Poland",2014,61.7,9.2,29.5,2.7,54.6,25.8,44.4,61.7,15.1,16.7,0.5,67,100.7,na,45.1,na,na,189151.1,193113.3,408967.8
"Portugal",2014,62.6,14.6,23.6,5.6,61.1,22.4,39,62.6,12.3,14.6,0.6,76,99.5,na,44.9,na,64.1,69336.3,69595.2,173053.7
"Romania",2014,61,8.6,20.3,0.3,41.1,22.5,41,61,21.4,24.8,0.9,55,100.41,na,38.4,na,na,63069.2,62434.4,150708.6
"Slovenia",2014,63.9,9.7,19.7,4.1,56,26.8,42.9,63.9,8.6,11,1.2,82,100.77,na,51.2,na,na,26117.4,28659.2,37634.3
"Slovakia",2014,61,13.1,24.1,2.4,83.2,21.8,39.4,61,13,17.5,0.9,77,100.35,na,36.4,na,46.1,66114.1,69788.1,76092.7
"Finland",2014,68.7,8.7,20.8,3.5,33.1,41.4,52.3,68.7,9.2,11.2,1.3,111,100.16,na,na,na,na,77858,75479,206897
"Sweden",2014,74.9,8.1,39.9,2.8,21.4,42.8,55,74.9,7.2,7.9,1.6,125,99.3,na,na,na,na,174073.9,189866.6,438833.9
"United Kingdom",2014,71.9,na,38.8,1.8,na,48,59.1,71.9,na,na,2.3,110,100,na,40.1,na,48.9,687561.4,651669.7,2311080.2
"Belgium",2015,61.8,8.7,23,2.4,48.1,23.4,41.3,61.8,11.4,13.6,2.4,119,100,na,na,na,na,318306.8,324215.7,416701.4
"Bulgaria",2015,62.9,10.1,21.5,3.1,60.5,20.3,39.2,62.9,19.1,22.2,0.8,47,100,na,41.2,na,na,28816.3,29228.3,45812.3
"Czechia",2015,70.2,5.1,37,1.7,48.1,28.4,46.8,70.2,7.5,11.8,2.2,87,100,na,34.4,na,na,126519,136594,169558.2
"Denmark",2015,72,6.3,36,2.2,28.7,51.3,58.3,72,7,8.5,na,126,100,na,na,na,na,132768.6,151301.4,273017.6
"Germany (until 1990 former territory of the FRG)",2015,74,4.4,16.7,1.7,46.7,45.3,57.7,74,7,9.7,2.4,123,100,na,41.8,na,48.6,1190060,1419906,3026180
"Estonia",2015,71.4,6.4,39.6,2.8,40.1,35,53.4,71.4,11.3,12.4,1.5,75,100,na,37.4,na,na,15164.4,15976,20631.4
"Ireland",2015,64.8,9.9,26.5,2.8,56.1,37.8,49.4,64.8,14.2,16.5,0.9,178,100,na,42.3,na,na,244886.1,320564.9,262800
"Greece",2015,50.8,25,15.1,4.4,66.1,13,28,50.8,14.7,23.8,0.6,69,100,na,na,na,na,58467.2,56662.3,176368.9
"Spain",2015,57.8,22.1,27.4,6.2,52.5,17.9,33.7,57.8,15.6,19.4,0.5,90,100,na,33.8,na,40,329593,362356,1077590
"France",2015,63.8,10.3,24.2,4.2,31.3,28,43.2,63.8,11.8,13.9,na,105,100,na,47.1,na,59.5,685011,672558,2198432
"Croatia",2015,56,16.2,23.1,4.9,66,19.1,35.6,56,18.1,19.9,1.1,60,100,na,41.5,na,na,20592.4,20690.4,45186.2
"Italy",2015,56.3,12,20.1,3.6,61.5,15.6,28.6,56.3,22.5,25.8,na,96,100,na,na,na,na,442016.1,491905,1655355
"Cyprus",2015,62.7,15,27.5,6.6,46.5,25.5,44.6,62.7,15.3,18.5,0.9,82,100,na,na,na,na,12069.1,12537,17884
"Latvia",2015,68.1,9.9,35.6,4.1,46.2,34.5,52.2,68.1,10.5,13.8,1.5,64,100,na,46.9,na,na,15228.7,14805.2,24572.1
"Lithuania",2015,67.2,9.1,28.8,2.2,43.2,28.3,45.5,67.2,9.2,11.8,1.1,74,100,na,46.6,na,na,26057.8,25685.5,37345.7
"Luxembourg",2015,66.1,6.7,46.6,2.8,30,29.1,48.5,66.1,6.2,7.6,1.2,278,100,na,47,na,59.1,86246.8,103864.1,54142.3
"Hungary",2015,63.9,6.6,35.8,2.7,46.6,25.7,42.6,63.9,11.2,13.1,1.6,69,100,na,45.3,na,na,90000.5,98722,112823.6
"Malta",2015,65.1,5.4,20.8,1,54,45.6,60.2,65.1,10.5,11.8,na,96,100,na,45.7,na,54.2,14480.4,15456.7,9996.7
"Netherlands",2015,74.1,7.9,40.6,2.1,39.9,60.8,68,74.1,6,7.3,1.7,130,100,na,42.7,na,50.2,518594,570353,690008
"Austria",2015,71.1,6.1,34.4,3.5,34.7,51.3,62,71.1,8.2,9,1.8,129,100,na,na,na,na,169856.4,182769.3,344269.2
"Poland",2015,62.9,7.7,27.3,2.4,50.5,26,45,62.9,13.9,15.8,0.6,68,100,na,45.4,na,na,199456.8,211321,430465.8
"Portugal",2015,63.9,13,26.7,4.6,59.1,22.8,39.5,63.9,11.3,13.2,0.6,76,100,na,44.5,na,63.6,71662,72990.7,179713.2
"Romania",2015,61.4,8.4,19.5,0.4,43.5,24.5,43.1,61.4,22.8,25.8,1.1,56,100,na,40.4,na,na,67596.1,66278.2,160149.8
"Slovenia",2015,65.2,9,26.6,4.2,53.5,29.6,45.9,65.2,8.7,10.5,1.3,82,100,na,50.8,na,na,26865.5,29974.3,38852.6
"Slovakia",2015,62.7,11.5,26.2,1.8,78.1,23.3,42.3,62.7,14,16.4,0.9,77,100,na,37.9,na,48.2,70943.3,73395.8,79888.1
"Finland",2015,68.5,9.4,20.2,4,35.8,40.5,51.7,68.5,9.7,11.8,1.3,109,100,na,na,na,na,76047,74845,211385
"Sweden",2015,75.5,7.6,49.6,2.2,22.8,43.9,56.4,75.5,6.8,7.4,1.9,127,100,na,na,na,na,182002.2,199355.3,455494.7
"United Kingdom",2015,72.7,na,34.9,1.1,na,50,60.9,72.7,na,na,2.5,110,100,na,40.8,na,49.6,759999.4,721048.7,2644716.5
"Belgium",2016,62.3,7.9,24.3,2.3,48.1,22.7,41.4,62.3,9.2,12.2,2.8,118,101.77,na,na,na,na,336479,341615.1,430085.3
"Bulgaria",2016,63.4,8.6,18.6,3.5,58.2,19.8,38.3,63.4,18,22.4,0.9,49,98.68,na,43.3,na,na,28758.3,31151.6,48773.1
"Czechia",2016,72,4,34.7,1.7,42.9,28.6,47.7,72,7,11.1,2.9,88,100.7,na,35.5,na,na,126831.6,140366.4,177438.5
"Denmark",2016,72.7,6,44.6,2,23,52.3,58.8,72.7,6.7,8.4,na,127,100,na,na,na,na,132333.5,151254.1,283109.7
"Germany (until 1990 former territory of the FRG)",2016,74.7,3.9,20.8,1.4,43.9,45.7,58.2,74.7,7.6,10.1,2.4,123,100.4,na,40.8,na,47.4,1213031,1444277,3134740
"Estonia",2016,71.8,6.8,43.5,3.1,32.9,36.4,53.3,71.8,9.2,13.3,1.7,76,100.8,na,38.6,na,na,15963.2,16747.5,21747.9
"Ireland",2016,66.4,8.4,24.6,2.4,53.4,42,52.9,66.4,12.6,14.5,1,174,99.8,na,44.4,na,na,285882,328235.4,270058.1
"Greece",2016,52,23.9,15.5,4.4,65,13,28.6,52,13.6,21.9,0.7,67,100.02,na,na,na,na,57115,54594.8,174494.2
"Spain",2016,59.5,19.6,23.5,6.5,49.3,18.4,34.6,59.5,14.6,18.1,0.5,91,99.66,na,34.1,na,40.6,332955,377370,1113840
"France",2016,64.2,10.1,30.5,3.7,32.8,28,43.5,64.2,11.7,13.6,na,104,100.31,na,48.2,na,60,689287,675769,2234129
"Croatia",2016,56.9,13.1,23.9,6.5,53.2,25.6,39.8,56.9,16.9,19.5,1.6,61,99.37,na,40.8,na,na,21672.1,22204.6,47246.3
"Italy",2016,57.2,11.7,24.5,4,60.6,16.6,29.7,57.2,20.9,24.4,0.9,98,99.9,na,na,na,na,441578,497338.5,1695786.8
"Cyprus",2016,63.7,13,29.1,4.9,45.5,26.4,45.7,63.7,16,18,1,87,98.78,na,na,na,na,13031.7,13352.6,18929.3
"Latvia",2016,68.7,9.7,41,4.4,42.1,32.8,51.9,68.7,11.2,13.2,1.6,65,100.1,na,46,na,na,15034.4,15115.6,25371.3
"Lithuania",2016,69.4,7.9,27.5,2.9,38.8,30.2,47.7,69.4,9.4,10.7,1.3,75,100.68,na,50.3,na,na,26004.3,26284.6,38889.9
"Luxembourg",2016,65.6,6.3,27.9,2.1,37,24.9,46.7,65.6,5.4,6.8,1.4,275,100.04,na,46.4,na,58.3,88437.1,107412.9,56208.1
"Hungary",2016,66.5,5,37.2,2.9,47.7,28.1,45.2,66.5,10.5,12,1.9,68,100.45,na,45.1,na,na,90678.5,100450.4,116279.4
"Malta",2016,67.2,4.7,32.9,0.6,53.5,46.2,62.2,67.2,8.8,9.4,na,96,100.9,na,45.4,na,54.3,15306.8,16634,10541.1
"Netherlands",2016,74.8,7,22.9,1.9,38.2,60.8,68.3,74.8,5.9,6.9,2,127,100.11,na,43,na,50.9,491044,563377,708337
"Austria",2016,71.5,6.5,36.4,3.3,38.2,51,62.2,71.5,8.4,9.3,1.9,128,100.97,na,na,na,na,173710.5,187409.4,357608
"Poland",2016,64.5,6.3,26,2.3,45.3,28.4,47.7,64.5,13.3,14.8,0.8,68,99.8,na,46.2,na,na,205670.6,221766.8,427091.8
"Portugal",2016,65.2,11.5,28.5,4.2,56.8,23.9,40.4,65.2,10.6,12.8,0.7,77,100.64,na,46.3,na,66.2,72849.3,74989.1,186489.8
"Romania",2016,61.6,7.2,20.3,0.2,49.6,22.3,41.5,61.6,21.3,24.3,1.3,59,98.93,na,42.4,na,na,72821.4,71046.1,170063.4
"Slovenia",2016,65.8,8,23.8,4,55,28.6,45.6,65.8,7.4,9.3,1.7,83,99.85,na,49.8,na,na,27929.9,31383.2,40443.2
"Slovakia",2016,64.9,9.6,29.7,1.7,71.7,25.2,44.1,64.9,12.4,15.1,1,72,99.52,na,38.6,na,48.8,73565.2,75955.1,81014.3
"Finland",2016,69.1,8.9,20.9,3.7,38.4,41.7,52.8,69.1,9.1,11.2,1.6,109,100.39,na,na,na,na,78498,75719,217518
"Sweden",2016,76.2,7.1,36.9,1.6,21.3,44.5,57.3,76.2,6.6,7.1,2.1,123,101.14,na,na,na,na,184777.5,199056.1,466266.5
"United Kingdom",2016,73.5,na,33.7,1.4,na,50.7,62.1,73.5,na,na,2.5,107,100.7,na,44,na,53.7,731391.9,687323.7,2434119.2
"Belgium",2017,63.1,7.2,19.8,1.9,45.6,22.7,41.6,63.1,8.7,11.8,3.4,117,104.03,na,na,na,na,365579.4,370203.4,445050.1
"Bulgaria",2017,66.9,7.2,27.8,4.5,54.7,22.9,42,66.9,15.2,18.9,0.8,50,99.85,na,43.5,na,na,32927.6,35193.1,52531.3
"Czechia",2017,73.6,2.9,31.9,1.5,36,29.1,49,73.6,6.3,10,3.8,90,103.1,na,36.9,na,na,138815.7,153417.7,194132.9
"Denmark",2017,73.2,5.8,18.7,2.2,23.6,52.9,59,73.2,7.6,9.8,na,128,101.1,na,na,na,na,141219,162372.6,294808.2
"Germany (until 1990 former territory of the FRG)",2017,75.2,3.6,21.1,1.1,45.1,46.5,58.7,75.2,7.1,9.6,2.7,123,102.1,na,41.7,na,48.7,1309287,1540892,3267160
"Estonia",2017,73.7,5.8,42.5,2.5,36.2,38.6,56.5,73.7,9.6,10.5,2.1,79,104.48,na,41.9,na,na,17101.5,18068.2,23833.6
"Ireland",2017,67.7,6.7,24.2,2.3,47.9,40,52.2,67.7,10.9,12.8,1,181,100.1,na,44.2,na,na,294028.1,359654.9,296925.2
"Greece",2017,53.5,21.8,19.1,3.8,65.8,14.1,29.2,53.5,13.1,21,0.6,66,101.15,na,na,na,na,64649.1,61976.5,176903.4
"Spain",2017,61.1,17.2,31.3,6.3,45.5,20.5,36.5,61.1,13.3,16.4,0.6,92,101.69,na,36.9,na,43.3,366489,408390,1161867
"France",2017,64.7,9.4,30.2,3.8,32.6,28.7,44,64.7,11.3,13.2,na,103,101.47,na,47.7,na,59.3,735421,710965,2297242
"Croatia",2017,58.9,11.2,22.5,4.6,42.4,25.9,40.9,58.9,15.4,17.9,1.7,63,100.67,na,41.2,na,na,24262.5,24571.9,49888.8
"Italy",2017,58,11.3,22.8,2.7,61.3,17.1,30.3,58,21.1,24.2,1.2,97,101.3,na,na,na,na,483996.1,533719.8,1736592.8
"Cyprus",2017,65.6,11.1,34.3,4.8,41.6,27.6,47.3,65.6,16.1,17.6,1.1,89,99.45,na,na,na,na,15067.1,14969.3,20245.3
"Latvia",2017,70.1,8.7,35.6,4.7,38.1,33,53.4,70.1,10.3,12.3,1.9,67,103,na,43.7,na,na,16789.5,16615.3,26984.4
"Lithuania",2017,70.4,7.1,28.7,3,38.2,30.4,48.9,70.4,9.1,10.2,1.6,78,104.42,na,48.2,na,na,30133.8,31113.3,42276.3
"Luxembourg",2017,66.3,5.5,42.4,2.4,40,25.8,46.7,66.3,5.9,6.6,1.5,267,102.15,na,46.9,na,59.1,93678.8,112118.9,58168.8
"Hungary",2017,68.2,4,39.9,2.1,41.4,29,46.8,68.2,10.4,11.2,2.3,68,102.84,na,45.9,na,na,100741.9,109139,127046
"Malta",2017,69.2,4,44.1,0.3,52.9,47.3,64.2,69.2,8.6,8.8,2.1,101,102.18,na,43.6,na,52.3,16249.4,18477.3,11954.7
"Netherlands",2017,75.8,5.9,40.8,1.2,35.1,62.3,69.3,75.8,5.3,6.5,2.5,128,101.4,na,43.3,na,51.2,536163,615553,738146
"Austria",2017,72.2,5.9,37.3,3,40.1,50.6,61.9,72.2,7.1,8.8,2.4,126,103.22,na,na,na,na,187959.7,199644.4,369361.9
"Poland",2017,66.1,5,26.7,2.3,39.9,29.6,49,66.1,12,13.7,1,69,101.4,na,47.3,na,na,235552.5,253163,467426.6
"Portugal",2017,67.8,9.2,32.9,3.8,51.5,25.9,43.3,67.8,9.3,10.6,0.9,77,102.2,na,48.5,na,67.4,81739.1,83717,195947.2
"Romania",2017,63.9,6.1,22.7,0.3,41.1,24.5,43.3,63.9,19.1,22.1,1.3,63,100,na,44.6,na,na,83547.5,78910.7,187772.7
"Slovenia",2017,69.3,6.6,30,3.1,49.6,34.7,51.1,69.3,6,7.9,2.2,85,101.4,na,49.4,na,na,31892.4,35753.4,43011.3
"Slovakia",2017,66.2,8.1,na,na,73.6,26.9,45.1,66.2,12.2,15.1,1.1,70,100.9,na,39.3,na,49.1,78650,80498.8,84442.9
"Finland",2017,70,8.7,26,3.8,35.9,42.5,53.8,70,8.6,10.4,1.9,110,101.23,na,na,na,na,84871,84975,226301
"Sweden",2017,76.9,6.8,36.8,1.7,21.5,44.9,58.1,76.9,6.2,6.8,2.3,121,103.02,na,na,na,na,197770.7,209937.8,480025.5
"United Kingdom",2017,74.1,na,37.4,1.2,na,50.5,62.8,74.1,na,na,2.6,106,103.4,na,44.6,na,54.5,744586.9,710493.1,2359789.9
"Belgium",2018,64.5,6,25.7,1.4,45.8,25,43.4,64.5,8.5,11.4,3.5,117,106.44,na,na,na,na,383100.1,381989.4,460029.4
"Bulgaria",2018,67.7,6.2,26.2,3.3,58,20.7,40.8,67.7,15,18.2,0.9,51,102.48,na,43.6,na,62.5,35509.2,36937.3,56224.7
"Czechia",2018,74.8,2.2,32.5,1.2,31.4,28.4,49,74.8,5.6,9.5,5.5,91,105.1,na,37.9,na,na,149799.5,162328.3,210927.8
"Denmark",2018,74.1,5.1,31.1,2.7,21.7,53.7,60.4,74.1,7.7,9.6,na,128,101.8,na,na,na,na,152419.6,170996.5,302328.7
"Germany (until 1990 former territory of the FRG)",2018,75.9,3.2,20.7,1,44.4,47.2,59.4,75.9,6.7,9,3.1,123,104,na,40.5,na,47.3,1385314,1593033,3367860
"Estonia",2018,74.4,5.4,48,2.4,25,40.6,57.6,74.4,10.2,11.5,1.9,81,108.05,na,41.7,na,na,18555.5,19226.2,25817.7
"Ireland",2018,68.6,5.8,28.7,1.8,39.4,40.3,52.6,68.6,10.1,11.6,1,188,100.8,na,44.6,na,na,307898,401001.3,326042.8
"Greece",2018,54.9,19.7,19.5,4.7,63.6,14,30,54.9,12.1,19.2,0.6,66,101.94,na,46.2,na,55,73900.8,70014.8,179557.7
"Spain",2018,62.4,15.3,28.1,6.2,42.7,21.7,37.7,62.4,12.4,15.3,0.7,90,103.46,na,37.9,na,44.2,390404,423097,1203259
"France",2018,65.3,9,37.4,3.1,29.6,29.7,44.7,65.3,10.9,12.9,na,103,103.6,na,48,na,59.8,773375,749491,2363306
"Croatia",2018,60.6,8.5,24.1,3.7,41.5,25.6,41.3,60.6,13.6,15.6,1.7,64,102.23,na,44.9,na,na,26524.6,26086.4,52688.8
"Italy",2018,58.5,10.6,22.1,3,61.4,17.7,30.8,58.5,20.3,23.5,1.3,96,102.5,na,na,na,na,512817.7,555394.1,1771391.2
"Cyprus",2018,68.6,8.4,36.4,3.7,32.4,31.3,50.5,68.6,13.2,14.9,1.4,90,100.23,na,na,na,na,15944.3,16225.4,21612.6
"Latvia",2018,71.8,7.4,37.6,4.2,42.8,33.1,52.1,71.8,7.8,11.6,2.5,69,105.63,na,45.4,na,na,18126.9,17923,29153.6
"Lithuania",2018,72.4,6.2,27.7,3.4,32.8,32.4,50.7,72.4,8,9.3,1.5,81,107.07,na,46.3,na,52,33401.5,34229.9,45514.8
"Luxembourg",2018,67.1,5.6,40.6,2.3,26,28.4,48.1,67.1,5.3,7.5,1.7,259,104.21,na,46.7,na,59.4,98820.4,118563.3,60362.2
"Hungary",2018,69.2,3.6,39.5,2,39.7,29,47.1,69.2,9.8,10.6,2.7,71,105.84,na,44.8,na,na,108171.1,113953.6,136073.4
"Malta",2018,71.9,3.7,20.9,0.3,51.7,50.9,68,71.9,7.3,7.3,2.6,101,103.95,na,42.6,na,51.4,16553.7,18812.7,12957.1
"Netherlands",2018,77.2,4.9,44.3,1.5,30.1,63.9,70.9,77.2,5.5,6.3,3,128,103.02,na,43.3,na,51.4,573832,655439,773987
"Austria",2018,73,5.2,38.4,2.8,34.3,51.3,62.7,73,7.5,8.8,2.9,126,105.41,na,na,na,na,202120.3,213681.6,385424
"Poland",2018,67.4,3.9,29.7,1.9,34.6,31,50.2,67.4,11,12.9,1.2,70,102.6,na,46.3,na,na,259768.2,275015.4,497842.3
"Portugal",2018,69.7,7.2,28.4,3.3,45.6,27.2,44.7,69.7,8.4,9.6,0.9,78,103.4,na,49.4,na,67.7,88194.4,89143.7,205184.1
"Romania",2018,64.8,5.3,18.9,0.1,42.8,24.7,43,64.8,18.3,21.3,1.3,65,104.08,na,44.4,na,na,92585.9,85605.9,204496.9
"Slovenia",2018,71.1,5.1,27.4,2.8,44.5,35.2,51.8,71.1,6,7.5,2.5,87,103.36,na,50.1,na,na,35026.5,38899.9,45864.2
"Slovakia",2018,67.6,6.5,na,na,72.8,27.5,45.9,67.6,10.3,13.8,1.2,69,103.46,na,40.7,na,50.6,84430.7,86111.1,89430
"Finland",2018,72.1,7.5,30.6,2.6,32.6,44,55.5,72.1,7.9,9.6,2.2,110,102.42,na,na,na,na,92739,89810,233468
"Sweden",2018,77.4,6.5,30.6,1.1,20.2,44.7,58.1,77.4,6.1,6.9,2.5,119,105.12,na,na,na,na,204498.7,215017.9,470673.1
"United Kingdom",2018,74.7,na,32.2,1.3,na,50.6,62.6,74.7,na,na,2.7,106,105.9,na,45.1,na,55.5,776625.1,747816.8,2420897.2
"Belgium",2019,65.3,5.5,25.3,1.5,40.9,26.6,45.1,65.3,8.6,11.2,3.5,117,107.77,na,na,na,na,389855.3,392988.7,478160.7
"Bulgaria",2019,70.1,5.2,26.3,2.7,56.1,21.8,42.1,70.1,13.6,16.7,0.9,53,104.99,na,43.2,na,na,37369.5,39356.7,61558
"Czechia",2019,75.1,2,35.3,1.1,30.9,28,48.8,75.1,5.7,9.8,6.2,92,107.8,na,38.4,na,na,153171.8,166682.7,225568.7
"Denmark",2019,75,5,31.4,2.6,18.6,55,61.2,75,7.7,9.6,na,126,102.5,na,na,na,na,160228.6,183178.5,310475.6
"Germany (until 1990 former territory of the FRG)",2019,76.7,3,22.3,1.4,40.9,48.5,60.4,76.7,6.4,8.7,3.3,120,105.5,na,40.8,na,47.7,1423220,1619423,3473350
"Estonia",2019,74.8,4.5,48.9,2.3,20.8,38.4,55.7,74.8,7.7,9.7,1.9,82,110.5,na,38.2,na,na,19382.2,20534.8,27732.3
"Ireland",2019,69.5,5,27.2,2.7,34.6,41.2,53.4,69.5,10.1,11.4,1,189,101.7,na,44.5,na,na,443544.1,456096.7,356526.3
"Greece",2019,56.5,17.9,23.5,4.3,63.2,14.6,31.3,56.5,10.8,17.5,0.6,65,102.46,na,50.4,na,60,76706.2,73542.3,183250.4
"Spain",2019,63.3,14.1,29.6,5.6,38.7,22.3,38.2,63.3,12.1,14.9,0.7,90,104.26,na,45.6,na,53.3,398507,434967,1244375
"France",2019,65.6,8.4,27.2,3.3,28,29.6,44.6,65.6,10.5,12.4,na,105,104.95,na,48.2,na,59.7,793436,770099,2437635
"Croatia",2019,62.1,6.6,24,3.2,37.3,27.7,43.5,62.1,11.8,14.2,1.5,66,103.04,na,46.9,na,na,28372.6,28201.1,55571.4
"Italy",2019,59,9.9,22.6,2.4,59.2,18.5,31.8,59,19,22.3,1.4,96,103.2,na,na,na,na,508030.4,567784.4,1796633.8
"Cyprus",2019,70.5,7.1,36.9,3.8,29.9,32.4,53.7,70.5,13.7,14.1,1.7,91,100.78,na,na,na,na,17345,17394.1,23009.9
"Latvia",2019,72.3,6.3,37.8,4.2,39.2,31.8,51.9,72.3,7.9,10.3,3.1,69,108.53,na,42.3,na,na,18554.5,18338.4,30647.2
"Lithuania",2019,73,6.3,25,3.3,31.3,32.9,50.4,73,8.6,10.9,1.4,83,109.47,na,45.7,na,na,35205.4,37775.9,48859.9
"Luxembourg",2019,67.9,5.6,40,2.3,23.4,28.7,50.5,67.9,5.6,6.5,1.7,252,105.93,na,47,na,59.7,109495.4,128845.8,62704.2
"Hungary",2019,70.1,3.3,39.8,2.4,33.1,28.5,47.1,70.1,10.5,11,2.5,72,109.46,na,43.7,na,na,116101.9,119485.4,146113.2
"Malta",2019,73.1,3.6,37.1,0.5,26.3,50.7,68,73.1,8.6,7.9,2.5,102,105.54,na,44,na,50.3,18150,20512.8,14042.2
"Netherlands",2019,78.2,4.4,42.1,1.5,23.8,65.3,72.2,78.2,5.5,6.3,3.3,127,105.78,na,43.3,na,51.2,591359,671077,813055
"Austria",2019,73.6,4.8,33.3,3.3,29.6,51.6,63.4,73.6,7.8,8.6,3,125,106.98,na,na,na,na,206852.8,220393.1,397518.5
"Poland",2019,68.2,3.3,28.5,1.6,27.6,31.7,50.8,68.2,10.3,12.7,1.1,72,104.8,na,46.2,na,na,270212.2,295592.2,533599.9
"Portugal",2019,70.5,6.7,32.9,3.2,44,28,45.7,70.5,8,9.2,1,78,103.71,na,50,na,67.4,92301.8,93271,214374.6
"Romania",2019,65.8,4.9,27.3,0.1,42,24.7,42.4,65.8,18.4,20.9,1.1,69,108.15,na,43.9,na,na,99317.5,90120.2,223162.5
"Slovenia",2019,71.8,4.4,31.9,2.2,44.5,33.3,51.1,71.8,6.3,7.5,2.3,88,105.11,na,50.5,na,na,36448.9,40635.6,48396.7
"Slovakia",2019,68.4,5.7,22.8,1.1,68.9,24.9,45,68.4,10.4,13.7,1.1,69,106.33,na,41.2,na,50.7,86398.1,86773.2,94048
"Finland",2019,72.9,6.8,28.5,2.5,26.7,44.6,56.5,72.9,7.5,9.1,2.2,109,103.58,na,na,na,na,95283,95657,239852
"Sweden",2019,77.1,7,46.2,1.8,16.3,43.9,57.4,77.1,5.5,6.3,2.4,118,106.93,na,na,na,na,208032.5,227987.6,476869.5
"United Kingdom",2019,75.2,na,na,na,na,50.3,63.1,75.2,na,na,2.6,106,107.8,na,45.9,na,56.3,816551,785255.8,2526615.2
