"Perioada","TOTAL","INDUSTRIA EXTRACTIVA","Extractia carbunelui superior si inferior","Extractia petrolului brut  si  a gazelor naturale","Extractia minereurilor metalifere","Alte activitati extractive","Activitati de servicii anexe extractiei","INDUSTRIA PRELUCRATOARE","Industria  alimentara","Fabricarea bauturilor","Fabricarea  produselor din tutun","Fabricarea  produselor textile","Fabricarea articolelor de imbracaminte","Tabacirea si finisarea pieilor  fabricarea articolelor de voiaj si marochinarie  harnasamentelor si incaltamintei  prepararea si vopsirea blanurilor","Prelucrarea lemnului  fabricarea produselor din lemn si pluta cu exceptia  mobilei  fabricarea articolelor din paie si din alte materiale vegetale impletite","Fabricarea hirtiei si a produselor din hirtie","Tiparire si reproducerea pe suporturi a inregistrarilor","Fabricarea  produselor de cocserie si a produselor obtinute din prelucrarea titeiului","Fabricarea substantelor si a produselor chimice","Fabricarea  produselor farmaceutice de baza si a preparatelor farmaceutice","Fabricarea  produselor din cauciuc si mase plastice","Fabricarea altor produse din minerale nemetalice","Industria metalurgica","Industria constructiilor metalice si a produselor din metal exclusiv masini  utilaje si instalatii","Fabricarea calculatoarelor si a produselor electronice si optice","Fabricarea echipamentelor electrice","Fabricarea de masini   utilaje  si echipamente n.c.a","Fabricarea autovehiculelor de transport rutier  a remorcilor  si semiremorcilor","Fabricarea altor mijloace de transport","Fabricarea de mobila","Alte activitati industriale n.c.a","Repararea  intretinerea si instalarea masinilor si echipamentelor","PRODUCTIA SI FURNIZAREA DE ENERGIE ELECTRICA SI TERMICA  GAZE  APA CALDA SI AER CONDITIONAT","Productia si furnizarea de energie electrica si termica  gaze  apa calda si aer conditionat","Industria bunurilor intermediare","Industria bunurilor de capital","Industria bunurilor de folosinta indelungata","Industria bunurilor de uz curent","Industria energetica","Extractiva si prelucratoare","Extractiva si prelucratoare (excl. diviz. 10 11 12)","Industrie extractiva si prelucratoare (excl. industria energetica)","Extractiva si prelucratoare (excl. diviz 5 6 10 11 12 19)","Industria bunurilor de consum","Industria bunurilor de consum (excl.diviz 10 11 12)","Industria energetica excl. diviz 35 (numai diviz 5 6 19)","Industrie total (excl. diviz 10 11 12)"
"2005-01",52.2,136.8,181.4,164.5,282.5,38.9,119.2,45.2,43.8,52.2,57.6,122.6,410.3,266.6,55.9,42.7,83,121,59.3,71.2,25.5,22.2,139.4,53.2,29.6,13.4,47.5,21,82.3,84.6,81.5,115.2,92.8,92.8,39.5,31.8,50.2,87.8,106.5,48.4,49.1,44.6,44.8,78.6,122.6,149.1,53.3
"2005-02",53.2,127.8,171.9,154,281.1,40.3,102.2,46.9,46.5,52.3,53.8,129.8,416.3,277.5,54.4,41.8,88.8,107.9,60.3,66.6,27.9,23.4,135.9,57.3,31.6,13.3,48.9,22.7,85.3,103.1,87.7,113.3,90.2,90.2,40.2,33.5,59.9,90.5,101.5,49.7,50.3,46.5,46.6,83,130.2,137.4,54.2
"2005-03",60.2,144.8,213.1,165.3,301.2,69.6,110.5,54.1,59.2,78.7,75.7,138.8,438.9,292.8,64.6,40.4,95.3,131.5,80.7,66.4,30.6,35.7,150.7,64.2,34.4,15.8,56.1,25.5,89.8,101.1,100,133.1,91,91,47.2,37.8,59.2,107.4,107.8,57.3,56.7,53.6,52.3,95.6,135.4,158.5,59.9
"2005-04",57.6,136.4,195.8,152,314.7,81.9,103.5,52.6,56,76.6,39.9,128.8,382.5,318.6,61.6,39.8,96.8,117.8,80.7,59.5,33.2,46.2,143.2,64.3,35,14.2,50.7,24,86.6,101.3,105.1,123.9,80.2,80.2,47.6,36.1,59.3,102.2,96.3,55.5,55.1,52.3,51.3,91.7,130.7,144.3,57.4
"2005-05",55.6,136,175.1,150.2,299,91,121.8,50.9,50,69.4,48.3,125.2,392.2,276.1,60.1,39,99.4,106,81.8,63.3,31,48.8,132.3,61.9,31.6,13.3,51.5,25.5,87.8,90.3,98.4,125.4,73.9,73.9,46.5,37.1,54.2,95.6,89.4,53.9,54.2,51,50.8,85.5,125.4,135.4,56
"2005-06",58.7,132.9,139.3,145.6,295.5,100.3,144.2,54.6,51.5,75.4,61.9,144.1,436,310.8,61.9,41.5,107.2,134.4,73.5,72,33.8,52.6,121.5,62.3,36.8,14.9,53.3,28.7,88.4,90.2,91.5,158.3,72.6,72.6,48.7,40.3,55.4,103,90.2,57.4,57.8,54.3,54.3,91.3,135.7,141.6,59.1
"2005-07",55.7,139.2,156.5,149.4,308.2,100.4,153.5,51.1,48,77.7,54.8,120.7,433.3,282.9,65.1,39.9,104.1,128.6,78.5,53.1,33.4,52.2,114.6,63,40.3,14.6,47.6,22.7,90.2,75.9,105.7,121.4,71.4,71.4,48,36.1,45.3,97.7,89.7,54.2,54.5,51,50.7,84.8,123,142.8,56
"2005-08",54.6,141.8,170.5,146.5,317.3,104.7,160.6,49.6,54.3,85,59.6,98.5,377.7,235.7,59.8,41.1,111.2,144.4,79.3,49,34.4,56.1,126.5,63.7,31.2,13.6,48,16.2,86.2,84.7,93.9,135.4,74.1,74.1,48.3,30.6,51.8,98.2,93.8,52.8,51.8,49.2,47.6,86.8,117.5,150.7,53.9
"2005-09",60.8,148.5,192.1,142.9,312,112.8,188.2,56.3,56.2,79.8,56.1,135.1,407.7,280.1,68.2,43.4,99.5,138.5,79.8,59.8,34.9,55.4,130.5,70.4,43,15.8,52.3,28.5,94.3,95.8,116.7,130.8,73.8,73.8,51.5,41.6,59.5,103.6,93.2,59.6,59.6,56.3,55.8,92.8,131.8,149.4,60.9
"2005-10",59.9,148.9,187.6,148.6,294.3,115.8,178.4,54.8,63.2,71.6,56.3,128.6,398.5,250.3,63.3,43.3,109,98.4,71.7,55.9,35.4,54.9,136.2,62.8,39.7,17.2,48.2,28.2,93,93.3,110,133.9,80,80,51.3,39.5,58.3,104.3,93.1,58.1,57.4,55.4,54.2,93,126.8,132.9,59.5
"2005-11",63,156.5,203,159.6,281.1,115.6,180.6,57,66.4,72.8,59.8,130.2,425.1,266.6,65.7,44.6,115.1,97.9,71.2,61.5,33.9,46.4,127.3,71.1,46.2,16.8,52.1,29.4,111.2,96.9,97.5,186.5,90.1,90.1,49.4,44.1,62.1,109.5,102,60.5,59.7,57.6,56.4,97.9,134.6,139.4,62.6
"2005-12",56.3,154.2,174.7,169.4,234.8,82.5,196.1,49.2,64.4,74.2,49.8,104.6,369.7,231.8,51.9,35.6,128.5,146.9,62.4,45.7,27.5,28.5,114.7,55.9,39.1,14.7,47.1,23.3,83,84.3,69.9,135.8,93.5,93.5,40,35.3,52.9,102.9,110.6,52.8,51,48.7,46.3,90.6,118.1,162.1,55.1
"2006-01",55,148.4,168.1,168.5,218.7,49.2,195.9,48.6,49.9,58.7,51.3,123.4,402.5,284.9,62.5,37.9,93.5,130.9,58.9,60,29.7,16.5,123.1,57.9,39.8,14.4,43.4,27,77.6,93.1,79.2,114.3,85.8,85.8,41.2,36.2,56,93.5,102.8,52.1,52.4,48.3,48.1,84.4,127,153.5,55.6
"2006-02",57,136.3,199.4,150.3,258.2,51.3,136.4,51.9,48.3,58.7,60.6,119.1,459.6,301.3,70,43.2,92,124.1,59.4,54.4,31.8,23.4,126.2,71.3,43,17.1,48.4,26.1,90.1,104.2,90.1,141.5,79.7,79.7,45.4,38.5,63.1,95.2,96.7,54.9,55.9,51.5,52,87.4,136.3,146.9,58.1
"2006-03",64.7,150,222.7,162.8,285.3,82.9,134.8,59.8,56.4,71.2,61.7,146.8,455.1,336.8,76.9,47.8,110.7,125.7,77.4,63.5,38.2,40.8,137.1,82.4,43.8,19.9,56.9,30.8,106.2,111.2,115.9,132.3,82.7,82.7,53.5,45,69.1,107.6,101.3,63,63.9,59.6,60,98.2,148.5,156.1,65.6
"2006-04",58.4,140.9,187,141.8,258.6,100.5,166,54.1,51.5,88,54.1,111.2,363.3,248.5,69.7,42.9,105.5,119.1,78.3,67,37,47.9,134.9,73.3,37.4,16.7,49.8,25,95.4,92.1,160,135.7,71.3,71.3,51.5,38.7,56.1,98.9,88.7,57.2,57.1,54.2,53.6,88.4,123.6,139.4,58.4
"2006-05",64.9,144,198.6,143.3,278.6,126,148.1,61.4,57.1,87.5,57.3,128,433.9,284,78,50.8,108.8,131.3,83.1,66.6,42.7,58,135.4,79.7,47,20.4,56.7,31.1,108.4,107.8,101.9,140.4,71.1,71.1,58.6,44.9,65.9,107.6,90.6,64.4,64.8,61.4,61.4,97.4,139.5,147.1,65.3
"2006-06",65.6,139.8,196.9,137.1,243.8,129,145.4,62.6,56.5,102.8,50.4,125.7,450.8,329.3,77.6,49,111.5,119.6,85.8,65.8,42.4,59,138.8,78.3,50.7,22.3,56.7,32.4,102.3,107.3,97.8,134.5,68,68,59.8,45.2,65.3,113.2,86.2,65.4,65.6,62.8,62.5,101.5,144.3,139,65.7
"2006-07",62.1,144.8,196.6,138.2,244.3,129.4,173.6,58.3,52.9,104.9,36.6,108.6,434.9,286.9,78.4,46.5,100.6,113.6,84.4,52.5,42.5,58.2,141,80.4,38.6,19.9,54.9,25.5,96,96.9,90.5,134,70.4,70.4,58.4,40.3,57.1,106.2,87.3,61.4,61.2,58.7,58.1,94.2,129.9,136.6,62
"2006-08",59.4,142.7,214.6,139.3,217.1,136.9,138.3,55.1,54.2,94.8,39.8,90.9,385.4,233.7,71.9,43.9,97.1,122.9,88,49.9,44.7,62.8,135,80.6,38.6,19.6,49.3,18.3,102.6,95.9,81.8,142.3,71.8,71.8,57.4,35.1,57.6,99.5,90.2,58.2,57.8,55.1,54.1,89.2,120,143.8,59
"2006-09",66.8,145.7,216.2,136.3,234.7,146.2,155.3,63.7,60.8,85.5,48.6,112,405.8,276.5,77.4,50,102.8,118.6,83.8,58.7,46.8,63.1,134.8,85.3,68.3,22.3,52.6,34,115.9,108.5,108.1,143.3,69.3,69.3,62,48.4,65.1,106.8,87.6,66.6,67.1,64,64,96.6,133.5,140.8,67.1
"2006-10",69.3,151.8,216,145.5,225,148.4,166,65.7,71.1,84.8,55.1,129,403.6,284.8,80.6,51.2,112.1,124.3,81.9,57.4,48.3,64.8,137.1,91.6,54.8,23.5,54.7,33.3,115.4,110.9,103.9,152.7,74.9,74.9,63.1,49.2,66.9,114.2,93.4,68.8,68.4,66,65.2,102.7,136.1,147.2,68.9
"2006-11",69.1,153.8,220.4,148,176.3,149.9,173.7,64.8,70.2,90.6,54.8,131.2,420.9,267.2,80.6,47,114.2,92.7,72.7,60.7,47.7,61.1,133.3,87.7,58.8,23.4,57.2,33.5,115.2,117.4,114.9,135.7,81.2,81.2,61.2,49.4,70.2,115.3,94.3,68,67.4,65.6,64.6,104.3,139.5,134.5,68.6
"2006-12",59.5,147.2,199.7,158.3,174.1,110.9,150,54.1,63.3,85.8,48.2,109.7,331.9,208.2,66.3,43.7,116.6,106.2,62.3,53.2,36.5,45.1,117.9,74.8,67.1,18.9,59.6,20.6,89,106.3,82.9,164,81.8,81.8,50.2,38.5,63.3,101.1,96.9,57.4,56.1,54.3,52.4,91.9,118.7,142.2,58.5
"2007-01",61.7,139.5,217,152,107.8,75,141.4,56.3,54.7,70.9,45,143.7,377.9,297.2,77.5,42.5,90,119.2,66.6,58.5,40.7,36.3,130.5,72.1,45.1,18.9,60.5,28.2,109.3,107.7,108.8,127.7,87.1,87.1,51.2,42.8,61.7,99.1,102.2,60.8,59.8,56.1,56.1,90,130.7,147.8,62.4
"2007-02",65.3,135.5,211.2,143.5,51.2,76.7,155.2,60.9,60.1,67.4,51.2,140.2,408.2,307.6,80.4,48.1,92.1,106.5,69.3,76.7,44.8,43.9,135.3,88,45.2,20.8,70.7,29.8,117.9,110.6,140.3,141.5,83,83,55.8,47.2,65.7,105.7,96.5,64.4,64.3,61,61.3,95.9,140.1,137.6,66
"2007-03",74.7,149.5,212.9,154.6,96.9,129,162.4,70.7,71.8,76.3,63.7,149.1,438,325.2,94.8,61.8,102.8,119.9,90.6,74.6,54,65.5,145.8,95.2,54.7,22.5,76.2,37.9,121.7,121.3,146,158,87.2,87.2,66.9,55.1,71.8,119,102.5,74.7,74.2,70.9,71.2,107.5,150.5,148.6,75.3
"2007-04",64.2,134.1,189.1,144.7,60,121.2,129.4,61.1,65.3,81.9,58.7,116.4,333.6,240,79.4,46.3,91.6,76.2,74.1,65.1,49.4,64.1,133.2,90.1,38.9,18.6,61.4,31.5,107.3,105.2,110.9,157.4,69.8,69.8,58.1,48,62.1,103.6,82.7,64.8,63.3,61.7,60.9,93.5,121.8,121.3,63.8
"2007-05",72.3,146.3,205.8,148.6,76.3,154.5,151.8,69.5,70.9,92.7,71.1,135.1,385,275.2,92.2,51.2,112.7,96.1,80.3,85.3,56,72.6,155.2,94.4,41.6,21.2,68.7,38.6,114,119.8,130.2,157.8,72.5,72.5,65.9,54.7,70.9,117.8,88.1,73.6,72.2,70.1,69.7,106.3,142.3,134.3,72
"2007-06",70.9,147.3,212.3,143,55.2,169.5,160.8,67.7,70.4,103.6,87.5,122.4,393.3,285,86.2,46.3,95.4,119.3,76.1,63.4,53.7,71.6,138.8,90.6,43.8,20.2,66,38.4,115.2,101.1,109,143.2,74.1,74.1,64,53.5,61.1,115.1,91.8,71.9,69.8,68,66.8,101.8,129.8,143.4,70.1
"2007-07",70.4,136.1,210.1,139.9,40.9,153.8,115.8,67,71.3,108,57.4,138.5,376.5,289.7,84.1,53.6,90.2,121.9,85.5,81.3,51.8,70.7,132.9,92.3,46.1,19.8,63.2,35.7,109.9,92.8,108,158.1,78.8,78.8,62.9,52,55.4,117.5,94.9,72,68.5,67,65.4,102.2,130.6,143,69.3
"2007-08",64.7,151.2,220.2,142.3,42,155.6,192.6,60.9,74,110.8,69.5,92.7,315.3,204.9,76.7,49.8,91.5,128.9,83.1,41,53.6,73.3,131.6,90.1,42,20.5,68.1,19.4,121,101.6,84.3,150.4,71.3,71.3,61.7,40.7,63,110.4,91.2,65.5,61.7,61.1,58.1,98.8,113.2,148.6,62.5
"2007-09",68.8,141.1,208.6,135.7,30.9,145.4,169.1,66.2,75.5,98.3,71.1,118.7,334.7,237.1,78.9,49.7,96.6,134.1,76,54.1,55.5,72.6,131.4,88.8,55.4,20.3,68.8,34.6,106.3,104.8,84.5,145.7,68.1,68.1,62.5,51,64.1,113,88.4,69.1,67.6,66.2,64.3,101,121,146.5,67.5
"2007-10",76.4,142.8,203.2,143.5,62.4,163.5,143.3,73.8,80.5,94.5,78.1,133.6,354.4,236,86.3,51.6,111.9,131.6,82.6,66.6,59,79.7,141.9,105.4,55.6,24,75.3,42.8,126.5,117.5,94.4,155.1,76.9,76.9,67.8,61.1,71.4,119.2,95,76.4,75.7,73.8,72.8,107.5,132.8,148,75.6
"2007-11",75.7,149.1,196.8,156.1,16.8,149,168.8,71.8,80.6,76.9,73.2,134.9,366.1,257.1,76.9,49.5,112.8,120.3,75.3,62.7,55,71.1,132.3,103.7,56,24.7,67,44,132.7,119.5,115.5,142.9,87.6,87.6,63.7,61.1,75.6,116.9,102.4,74.8,74.3,72,71.4,106.8,138,147.3,75.5
"2007-12",64.4,144.7,181.9,144.4,23.3,114.5,215.4,58.9,75.4,84.9,51.1,98.6,260.1,199.9,62.4,41.1,110,123.6,60.7,52.8,43.4,48.5,113,92.2,50.9,18.3,68.9,29.9,98.7,89.6,104.7,158.5,90.8,90.8,50.6,48.9,55.6,105.1,103.2,62.4,60,59.1,56.6,93,106.4,141.9,62.9
"2008-01",67.1,126.9,181.2,147.5,4.1,75.7,125.9,62.1,65.7,70.2,68.4,116.2,299.9,256.7,73.3,48.3,107.3,118,69.2,69.1,51,33.6,118.3,91.6,41.4,20.7,56.5,41.3,104.2,105.9,64.3,112.4,94.9,94.9,52.5,53.9,61.5,102.4,105.7,64.5,64.6,61.8,61.4,92.4,122.8,140.5,67.4
"2008-02",72.9,125.2,196,141.4,7.7,94.6,105.1,69.3,65.9,73,71.7,135.5,347.5,293,85.1,51.4,116.2,108.7,75.1,79.8,59.2,58.5,134.6,106.5,50.1,24.2,66.7,42.3,117.1,115.1,78.6,127.1,89.2,89.2,63.3,58.4,67.6,108.6,100.4,71.4,72.4,69.1,69.9,98.6,137,135.7,73.9
"2008-03",74.5,145.2,218.7,143.7,5.5,148.5,163,70.6,70.6,92.9,76.2,123.6,314.4,266.5,84,49,128.4,119.7,91.6,97.3,62.6,76,140.6,117.1,48.2,23.4,72.1,35.5,111.4,112,83.9,131.2,87.2,87.2,68.4,55.4,66.5,115.5,101.4,73.4,73.4,70.8,70.5,103.5,135.4,144.7,74.6
"2008-04",71.2,136.4,195.2,137.3,7.2,163.4,138.3,68.4,75.4,99.4,69.6,118.1,300.5,242.9,84.5,45.9,132.5,122.4,96.4,92.3,55.7,76.7,120.7,104.2,48.7,24.7,63.5,32.9,115.7,109.3,71.1,120.8,74.4,74.4,66.4,51,64.2,118.1,91,70.9,69.8,68.4,66.9,104.9,130.3,140.1,70.1
"2008-05",75.8,144.1,205.4,135.1,5.7,161.7,184.6,73.6,74.6,110.2,85.8,110.8,306.8,220.4,80.8,45.3,142.8,114.5,99.8,94.5,64.3,84.1,134.9,114.7,52.9,26.1,65.5,41.2,123.8,111.3,95.9,120.2,72.8,72.8,70.9,59.1,67.4,119.9,89,76.2,75.6,74,73.2,107.1,132.4,137,75.2
"2008-06",74.2,141.8,209.2,131.9,11.5,175.8,165,71.9,68.2,118.3,91.5,125.9,302.5,244.1,78.2,43.8,123.9,115.3,101.6,80.4,62.2,82.5,122.5,113.7,50.1,25.2,70.6,40.7,117.3,107,83.4,119.2,71.5,71.5,68.2,59.1,65.4,116.2,88,74.5,74.2,72.4,71.7,103.8,128.8,136.5,73.7
"2008-07",74.7,148.3,226.7,134.4,23.8,172.9,181.6,72.1,69.4,124.7,63.9,124.2,305.2,256.9,77.1,48.3,118.7,104.4,100.8,65.1,65.5,85.6,127.2,115.2,50.3,24.3,60.9,41.3,116.6,100.7,86.5,126.5,73.1,73.1,69.6,58.9,60.9,117.5,88.7,74.9,74.2,72.8,71.8,103.6,125,134.9,73.9
"2008-08",63.6,152.8,221,133.5,20.9,176.7,215.8,60.1,68.8,117.5,80,91.3,237.1,153.6,66,41.5,111.9,127.9,97.3,54.7,59.5,83.2,114.4,99.1,41.5,21,57.2,20.7,103.2,85.2,83.8,118.4,66.2,66.2,63.3,40.8,53.3,105.4,86.4,63.4,61.2,60.5,57.8,92.6,101,144.5,61.6
"2008-09",75.1,151.8,213.3,135.1,19.6,179.9,210.4,72.6,77.6,112.9,91.4,119.6,275.5,220,72.3,48.7,125.3,120.9,101.9,74,61.1,82.1,120.1,106.4,46.6,25.2,69.6,44.2,127.2,104.8,78.7,119.5,72.3,72.3,67.6,60.9,65.9,117.8,89.8,75.5,74.3,73.1,71.6,105.1,122.9,140.9,74
"2008-10",77.3,154.9,234.2,138.6,23.3,187.6,193.2,74.2,88,102.5,103.3,121.3,292.7,207.9,75.3,49.9,129.4,122.9,97.3,74.9,58.9,87.4,108.8,115.7,63.5,25.9,67.4,41.8,134,109.1,90.1,122.9,79.4,79.4,68.4,61.6,68.8,123.5,96.2,77.2,75.5,74.7,72.6,110.1,126.6,146.1,75.7
"2008-11",68.6,146.7,193.6,132.3,4.1,162.1,221,64.3,87.1,85.9,95.6,112.5,272.3,199.7,69.7,46,135.3,122.3,74.9,72.4,50.1,70.9,70.2,105.9,53.9,22.3,70.1,28,119.3,99.8,83.6,122.8,83,83,58.2,49.9,62,118.2,96.5,67.3,64.7,64.7,61.7,104.4,119.7,137.7,66.3
"2008-12",56.3,142.4,174.6,141,7.2,102,229.9,50.3,83.3,91.4,53.7,95.9,218.3,158.6,52.6,37,128.3,94.6,61.9,56.3,33.3,46.5,57.4,88.1,54.8,14.1,63.6,12.2,105.1,86.8,66.6,133,86.6,86.6,42.9,35.6,49,109.7,95.9,53.5,49,50.8,45.7,94.8,98.4,126.2,52.6
"2009-01",56.1,131.2,174.5,141.1,0,54,195.4,49.8,59.3,80,63.4,96.7,234.5,210.5,66.9,34.5,119.8,85.2,47.1,67.2,39.2,22.6,52.1,78,32,20.8,56.5,23.3,103.6,85.5,58.6,121.3,92.4,92.4,41.8,40.6,48.4,94.7,98.8,52.7,51.3,50.2,48.3,83.3,104.3,121.9,55.2
"2009-02",62.3,120.4,167.6,134.7,3.1,64.3,145.2,57.7,64,72.9,68.2,90.6,238.6,212.4,78.9,41,136.5,94.8,67,83.4,47.5,37.9,69.8,97.2,44.6,24,60.1,28.9,108.2,92.1,63.7,110.7,87,87,51.4,47.8,53.7,98.5,95.2,60,59.4,57.8,56.8,87.5,112,122.7,62
"2009-03",68.2,138.6,201.8,141.7,6.8,70.6,201.2,63.7,71,82.7,94,95.3,240.4,200.5,89.3,42.1,131.2,109.6,65,75.3,52.1,49.7,66.6,95.2,47.8,22.4,67.8,38.1,132.9,101.5,77.3,110.7,87.2,87.2,56.7,55.2,57.6,103.7,99.3,66.5,65.8,63.9,62.8,92.5,111.7,137,67.7
"2009-04",64,113,124.3,130.6,8.3,89.3,133.1,61.4,71.7,97.7,68.4,83.7,211.7,152.8,84.7,38,140.1,109.6,68.9,70.5,47.2,53.2,66.8,88.6,38.3,24.4,55,36.9,106.9,90.7,90.5,119.9,72.1,72.1,54.3,51.3,53.4,104.1,84.5,63.3,61.5,61.2,59,91.7,103,121.9,62.4
"2009-05",68.2,124.3,208.1,117.7,4.2,106,151.1,65.4,71.2,102.8,69.4,82.2,223.9,174,96.4,41.3,133.6,104.3,71.2,76,58.4,62.2,70.2,83.7,37.7,27.1,55.6,41.6,116.8,92.3,83.3,116.6,75.9,75.9,60.9,54.5,55.3,106.2,88.1,67.6,66.3,65.5,63.9,93.7,106.9,125.3,67.1
"2009-06",70.9,111,136.8,115.3,2.7,109.5,141,68.5,75.2,117.8,82.3,80.8,231,190.9,95.1,45.3,135.8,109.3,77.1,63.2,57.1,56,65.5,101,41.7,28.6,58.1,46,94.7,89.1,88.3,125.4,79.1,79.1,60.9,59.8,54.2,112,88.1,70.2,68.3,68.6,66.4,97.8,105.9,117,69.3
"2009-07",71.6,124.5,154.3,125.7,8.4,126.7,163.8,68.6,72.5,108.5,89.8,82.8,245.6,203.1,97.3,42.1,124.8,110.6,84,41.4,59.5,61.9,79.7,103.5,33.6,28.5,51.2,47.4,88.4,83.7,89.3,135.6,81.5,81.5,63.5,60.1,51.9,107,91.7,70.7,69.6,68.8,67.4,93.5,102.4,124.3,70.6
"2009-08",60,128.1,197.9,129.5,7,116,141.7,55.6,68.5,99.6,95.3,69.6,172.6,133.5,83.8,42.5,122.3,112.5,84.4,38.3,56.8,60.4,75,88.8,27.4,28.5,50.2,19.5,72.8,80.5,53,120.5,79.6,79.6,59.6,36.6,49.7,95.2,92.7,58.2,55.9,55.5,52.7,84,87.2,132.6,58.1
"2009-09",72.6,131.4,199.4,127.2,4.5,128.1,159.1,69.5,78.2,97.6,67.5,100.7,197.9,162.9,96,42.6,130,109.4,89.9,57.6,57.8,64.3,85,104.8,35.3,30,49.8,49.2,79.9,94.7,62.5,123.8,81.2,81.2,64.6,60.6,58.6,106.7,93.2,71.9,70.7,69.8,68.3,94.9,103.5,130.5,71.5
"2009-10",75.3,135.1,210.3,132.6,0,118.8,163.4,71.8,86.5,91,86.3,113,215.1,166.6,100.5,45.9,136.7,93.6,84.7,69.4,60.9,58.4,90.4,105.3,37.5,31.5,49.2,51.9,85.3,91.5,72.7,134.4,87.2,87.2,65.6,63.4,56.9,113.9,96.5,74.2,72.6,72.3,70.5,99.9,108.3,127,73.9
"2009-11",72.2,131.5,196.9,132.2,0,105.3,164.7,68,83.7,81.7,80.1,104.9,202.2,174.2,99,43.3,143.4,89.6,85.7,64.1,56.4,48.2,83.3,92.9,38.1,31,48.3,49.2,82,88.9,68.8,138.8,92,92,62,59.6,54.7,109,98.9,70.4,68.8,68.5,66.7,95.7,105.1,123.2,71
"2009-12",62.9,121.9,153,136.8,54.9,66.7,152.3,56.8,85.5,80.2,85.5,88.3,174.3,161.8,74.7,40,130.3,102.9,71.7,50.5,45.1,24.7,73.5,72.5,40.8,24.7,45.5,35.5,84.7,75.8,49.7,129.6,101.9,101.9,47.9,47.1,44.7,106,106.5,59.2,55.7,56.8,52.8,90.9,90.6,125.3,60.2
"2010-01",60.6,117.4,157.3,135,77.6,68.8,107.7,54.4,54.4,56.9,50.5,90.5,197.8,179.8,75.6,34.1,95.3,96.2,63.7,56.5,44,22.2,77.1,61.9,26.5,24.9,42.3,43.7,68,73.3,53,99.1,105.5,105.5,47.6,48.3,42.7,85.2,109.2,56.6,56.8,54.4,54.4,74.6,91.7,123.9,61.3
"2010-02",63.7,113.2,173,121.4,66.2,77.7,115.9,58.6,57.2,57.8,50,102.2,207.1,193,86.4,38.9,105.1,76.4,67.9,67.3,43.8,30,78,63.8,34.7,28,43.7,45.5,78.2,75.5,49.6,122.2,98,98,52.4,52.3,46.9,90.2,100.2,60.6,61,58.9,59.1,79.5,98.8,109.6,64.4
"2010-03",73.5,118.4,183,134.2,67,71,104,69.1,71.4,93.5,38.3,113.7,232,207.9,104.7,45.2,117.8,106.2,81.2,67.2,52.9,42.3,97.5,81.2,36.9,35.8,49.7,54.7,68.2,93.7,64.7,113.1,99.5,99.5,63.7,59.5,56.9,106.9,105.9,71.1,70.8,69.1,68.5,94.6,112.4,129.4,73.4
"2010-04",67.8,112.7,141,126.1,68.9,69.6,115.8,64.4,63.3,94.8,40.8,95.9,199.2,176.6,101.3,39.6,117.8,95,82.2,69.1,52.9,51,94.6,76.2,31,35.6,52.3,49.8,61.7,82.6,67.2,118.3,84.6,84.6,63.4,54.7,51.2,95.9,91.7,66.2,66.2,64.5,64.2,84.9,100,117.4,67.9
"2010-05",70.1,107.6,128.7,121.5,65.1,75.9,105.1,67.3,67.6,94.5,67.7,86,217.1,182.9,104.2,40.6,113.2,98.7,84.4,71.8,60,56.3,104.2,88.7,31.7,34.5,50.3,52.8,60.8,84.1,64.5,134.6,81.1,81.1,66,57.7,53.3,99.2,88.6,69,68.8,67.4,67,88,102.2,115.5,70
"2010-06",74.3,113.9,150.6,122.2,73.3,86.8,120.9,71.9,66.5,107.1,75.8,91.4,228.1,196.2,102.9,45.5,124.1,95.9,87.3,83.7,62,56.4,98.8,99.8,38.5,35.7,55.8,58.1,65.6,88.5,66.9,146,80.8,80.8,67.4,64.8,55.3,103.3,88.6,73.7,73.9,72.1,72.2,91.6,108,116.4,74.6
"2010-07",73.1,123.9,202.4,127.1,57,80.3,141.5,69.9,68.9,103.9,68.1,90,243.8,202.7,106.6,44.1,124.7,91.2,87.5,62.5,63.1,57,100.7,94.7,41,38.4,49.8,51.7,61.4,78.7,58.3,132.6,84.5,84.5,68.7,60,50.8,105.9,92.4,72,71.8,70.2,69.9,92.1,108,120.9,73
"2010-08",60.7,116.7,197.6,126.1,68.4,83.7,107.5,56.3,65.3,102.9,75.4,73,198.9,149.3,97,40.8,120.8,98.6,90,47.2,63.4,57.8,90.6,74.6,27.2,34.6,44.7,25.3,53.8,84.2,53.5,136.5,86,86,63.4,38.5,52.8,94.3,94.1,58.4,57,56.3,54.6,84.2,95.9,123,59.6
"2010-09",76.6,115,206.8,123.2,71.2,93.6,98.5,74.1,74.3,92.4,72.4,108.6,211.9,187.3,104.6,46.6,127.4,86.1,93.6,73.3,65.2,59.2,100.8,102.3,42.8,40.5,53.9,57.8,70.7,101.9,73.8,140.7,83.9,83.9,70.1,65.8,63.6,105.9,91.1,75.9,75.8,74.3,74.1,95.9,112,117,76.6
"2010-10",78.2,119.6,199.6,127.7,82.7,103.2,106.7,74.8,81.9,74.1,76.1,114.5,227.8,194.3,107.5,43.3,135.7,63.3,87.8,72.4,64,56.5,101.4,96.1,49.6,39.6,52.8,58.9,54.5,100.6,69.9,149.7,94,94,69.8,66.1,63.4,111.8,97.2,76.7,76.2,75.3,74.7,100.1,116.3,109.7,77.9
"2010-11",78.9,122.6,208.7,126.6,65.2,102.6,122.6,75.5,82.4,86,87.8,122.2,231.1,203.3,108.5,46.5,129.1,84.2,80.3,78.1,63,51,93.8,94.7,46.1,42.5,57.8,58.7,59.2,102.8,73.6,156.9,94.4,94.4,70.1,66,65.9,114,99.4,77.5,76.9,75.9,75.1,102.4,118.7,118.2,78.5
"2010-12",71.1,126,159.1,131,65.1,82.5,156.6,65.6,74.2,85.1,67,90.7,191,159.3,95.5,38.5,124,95.4,77.5,66.9,49,30.9,80.3,85.1,47.9,33.1,56.4,47,58,84.1,72,158.2,107.7,107.7,58.1,59.5,51.7,99.7,110.4,67.8,66.9,66,64.8,87.9,97.9,121.6,70.7
"2011-01",69,118.6,162.6,132.2,83.5,86.4,111.2,63.2,57,53.6,73,114.8,213.1,203.6,96.4,41.1,96.4,90.5,80.7,77.5,48.9,29.4,88,67.4,31.3,35.4,50.8,54.7,46.2,83.4,78.7,125.7,110.1,110.1,60.3,55.4,50.3,92.8,112,65.2,66.3,63.4,64.2,82.4,104.4,120.5,70.3
"2011-02",72.3,116.2,174.8,119.7,74.3,70.7,138.5,67.6,60.9,58.8,67.8,113.7,219.9,203.8,97.2,51.2,101.3,74.1,76.5,78.3,58.7,40.3,103.3,86.5,31.2,41.1,53.4,57.8,42,89.5,70.7,132.8,102.8,102.8,67.6,58.9,57.4,95.3,103.5,69.5,70.6,68.1,69,86.3,108,107.9,73.5
"2011-03",81.9,124.6,216.6,131,95.1,76.3,128.5,77.8,68.8,81.2,83,125.9,232.8,219.1,116.1,50.3,125.6,93.7,93.4,106.6,67.9,53.4,108.6,95.9,37.2,42.6,66.1,66.7,68.6,94.1,80.7,155.8,104.6,104.6,75.9,69.7,61.3,107.8,108.8,79.8,80.9,78.1,79,96.5,118.5,125,83.1
"2011-04",72.2,123.5,187.4,125.7,78,83.5,146.8,68.3,69.2,90.7,86.5,108.3,199.6,180.6,111.3,46.9,105.2,98.9,91.4,91.9,60.1,63.2,98.7,102.5,34.4,37,55.4,49.5,46.6,84.5,70.2,133.4,91.9,91.9,70.4,57.6,53.2,99.4,98.4,70.4,70.2,68.6,68.2,88,101,122.2,72.2
"2011-05",78.4,122.7,196.6,128.3,97,87.7,128.9,75.5,72.8,85,95.8,113.4,224.9,199.8,116.9,54.7,115.4,98.8,98.7,99.5,72,75,99.9,89.2,36,43.4,63.4,61,57.4,87.3,85.9,147.1,87.7,87.7,77.2,65,57.9,106.6,95.6,77.4,77.8,75.7,75.9,94.7,111.3,124.2,78.7
"2011-06",76.3,115.4,210.8,120.8,91,90.3,107,73.9,68.8,101.3,107.1,97.9,234.4,205.4,113.4,50,118.8,100.3,94.9,92.3,67.6,68.2,100.3,92.9,31.7,42.2,61.6,62.1,42.6,85.4,72.5,149.8,83.2,83.2,74.6,63.5,56.1,105.6,91.6,75.7,75.9,74,74,93.4,109.9,121.7,76.6
"2011-07",75.8,116.3,202.6,124.1,89.9,90.2,105.1,73,68.9,102.5,72.7,95.2,242.9,209.7,114.8,47.9,113.5,98.3,93,87.3,76.7,61.5,109.1,115.9,32.9,42.2,57.8,53.6,52.1,78.7,69.4,151.5,85.2,85.2,75.4,61.5,53.1,106.3,93.3,74.9,75.1,73.2,73.2,93.1,109.6,122.1,76.1
"2011-08",70,126.3,217.6,124.5,93.6,94.4,147.2,66.2,71.4,98.9,93.4,82.9,213.4,159.3,114.7,44.6,108.3,84.5,95.3,73.5,74.7,72.8,99.5,92.9,26,38.2,56.1,40.4,72.1,85.8,61.2,154.9,86.6,86.6,72.8,51.7,54.7,100.5,93.4,68.4,67.6,66.7,65.7,89.3,100.6,117.8,69.4
"2011-09",81.2,122.3,208.6,119.7,111.5,99.7,141.2,78.6,78,99.7,90.7,113.8,229.9,202.9,117.3,53.7,109.2,82.8,96.3,89.9,78,72.9,104,103.4,33.3,44.1,65.6,66.2,59,91.8,68.9,167.4,87.7,87.7,78.5,69.2,62.2,110.7,93.3,80.5,80.5,79.2,79,98.9,113.3,113.9,81.2
"2011-10",81.1,122,217,127.5,112.2,107.4,109.7,77.9,84.2,81.5,94.5,114.5,216.4,185.4,121.6,50.8,114.1,89.4,88.2,93.9,78.3,67.3,95.8,91.4,32.4,44.1,66.8,66,75,87.4,78.1,150.2,94.8,94.8,76.7,68.9,58.9,110.6,100.4,79.8,79.4,78.2,77.6,97.9,108.9,121.4,80.8
"2011-11",83.3,121.5,228.7,125.8,79.1,106.3,109.2,79.4,90.6,78.2,89.2,122.1,219,192.2,117.6,58.7,111.3,77.6,77.8,96.9,74.3,61.3,106.5,92.6,36.7,45.1,69.5,65.8,76.5,92.3,65.6,162.4,104.8,104.8,75.3,71.2,61.7,114.9,107,81.3,80.4,79.9,78.8,101.9,111.8,116.6,82.7
"2011-12",70.5,125.3,207.7,130.6,75.5,78.6,136.5,64.5,73.3,84.5,65.5,105,184.1,151.7,102,43.3,97.7,94.4,61.2,72.1,58,41.3,92.6,80.5,33.9,32.9,59.8,44.4,75.1,81.1,58.1,185.6,111.4,111.4,60.7,56.9,49.6,96.7,113.9,66.7,65.8,64.8,63.6,85.1,93.1,124.5,70
"2012-01",71.7,128.6,200.5,129.6,75.1,64.3,166.1,66.2,56.6,60.8,85.5,112.4,215.2,184.9,112.8,40.2,84.7,83.1,65.4,90.1,55.1,32.8,93.4,62.4,34.4,37,60.6,58.4,58.6,83.3,73.2,128.4,107.7,107.7,65.6,59.5,49.4,91.8,109.7,68.5,69.8,66.7,67.8,81.4,101.5,118.8,73.3
"2012-02",73.4,109.2,188,119.4,63.8,69.1,99.4,68,60.7,54.8,80.1,131.5,211.5,185.6,103.3,42.4,92.5,58.5,63.8,88.8,57.9,32.5,82.9,70.8,33.5,40.2,61.6,61.8,61.7,84.2,80.9,128.9,114,114,63.9,62.2,54.3,95,110.9,69.7,70.9,68.4,69.4,85.2,106.4,102.4,74.8
"2012-03",82.1,135.2,233.4,129.3,81.5,68.2,185.4,77.7,73.6,82.9,91,129.1,235.2,200,128.7,52.6,112,94.1,90.9,109.6,68.5,50.2,86,96.7,37.2,43.7,68.5,64.1,74.5,90.6,90.9,158.5,105.7,105.7,76.1,69.1,62.4,109.6,109.7,80,80.6,78.3,78.7,98.2,117.6,125.5,82.9
"2012-04",72.8,123.9,173,123.1,78.3,77.8,164.8,68.8,68.7,82.2,87.5,100.1,186.4,161.7,110,50.3,96.4,95.5,92.5,86.5,65.1,56.4,95.1,79.9,31.3,37.4,65.2,54.5,58.3,84.4,78.5,172,92.9,92.9,70.6,59.7,55.8,95.3,98.3,70.9,71,69.2,69.1,85.8,98.2,118.3,73
"2012-05",82.6,127.6,184,123.5,124.9,93.6,169.2,79.5,73.6,98.6,102.7,117.2,232.6,202.1,133.4,52.6,117,74.5,100.2,96.7,77.7,68.6,107.4,97.5,37.7,42.9,69.9,63.8,76,89.5,84,179.9,94.1,94.1,81.9,69.6,62,110,97.5,81.5,82,80.2,80.6,98.4,115.8,110.8,83.2
"2012-06",77.8,133.6,183.2,119.3,135.8,100.2,209.1,74.8,65.6,111.3,102,103.4,230.2,191.9,128,49.3,105.8,62.1,82.1,92,72.2,67,95.6,92.3,33.7,43,68.8,57.7,77.1,84.8,83.1,213,85.7,85.7,78.5,65.6,58,103.3,89.4,77,77.7,75.9,76.4,92.3,109,103.4,78.4
"2012-07",78.9,135.8,191.8,123.2,135.4,98.3,206.7,75.6,70,112,104.7,88.7,236.3,197.7,126,49.3,101.9,93.2,78.8,78.5,75,68.1,100.6,102.2,29.8,43.6,66.9,58.5,75.3,84.5,82.5,203,90.1,90.1,78,66,57.7,105.6,96.3,77.8,78.1,76.3,76.4,93.9,108.5,118.8,79.2
"2012-08",71.2,138.7,194.1,123.3,124.3,95.4,222.1,67,71.4,109,95,77.4,199.4,154.6,122.4,52.7,110.6,83.9,95.1,62.6,71.3,65.8,95,85.5,37.9,35.9,59.1,39.3,71.5,86.9,66.9,174.6,90.1,90.1,73.2,53.6,57.2,99.8,95.5,69.4,68.6,67.8,66.7,89.5,99.8,115.3,70.6
"2012-09",80.7,140.2,211.3,121.4,112.2,88.6,232.5,77.7,78.9,94.2,84.2,108.7,201.1,171.3,121.7,48.7,125.9,94.5,90.3,91.1,72.2,63.3,92.6,103.3,43.7,42.6,68.4,61.9,62.2,95.3,73.1,187.1,86.7,86.7,76.3,70.4,64.2,106.6,93.8,80.1,80,78.6,78.3,96.5,108.7,119.7,80.7
"2012-10",86.2,144.7,197.2,125.5,134.5,108.6,238.5,83.3,87.3,81.9,100.4,131.5,221.9,178.4,132,54.5,106.7,100.7,93.9,106.8,78.7,66.6,102.1,99.1,43.9,46.3,65.8,67,83.8,110.4,83.4,216.5,91.4,91.4,82.3,74.5,73.9,113.8,98.3,85.7,85.6,84.1,83.9,104.6,118.8,123.5,86.1
"2012-11",85.2,140.4,205.2,121.4,147.9,98.7,229.5,81.5,87.9,75.6,92.6,133.5,229.8,189.4,128,50.3,114.1,92.9,84.5,87,69.9,58.9,93.4,91.6,39,43.7,67.4,67.5,91.7,105.7,78.2,225.4,100.2,100.2,77.4,73.8,69,115.4,104,83.8,83.5,82.4,81.9,104.4,118.7,118.7,85.1
"2012-12",71.3,140.7,160.5,126,112,70.8,249.8,65.2,71.8,72.7,76.1,93.1,172.9,153.7,106.5,39.2,96.9,91.4,76.3,69.8,48.9,32.4,76,78,41,30.4,72.5,44.5,85.9,76.3,60.7,232.5,110.2,110.2,59.9,61.8,46.4,92.3,111.4,67.8,67.3,66.1,65.4,80.9,87.9,117.3,71.3
"2013-01",76,136.3,185.5,127,70.2,69.9,216.7,70.6,62.9,58.8,57.1,120.3,218.6,203.9,119.8,45.5,90.5,89.3,74.8,98.6,56.4,33,82.2,67.5,31.1,42.5,58.2,63.3,77.6,90.2,69.8,175.6,109.8,109.8,68.4,64.3,56.6,97.5,111.4,72.9,74.3,71.3,72.4,87.6,109.2,118.8,77.5
"2013-02",78.7,124.9,119.2,114.8,90.4,58.9,224.4,75,60.6,57.8,68.8,131.8,219.6,207.5,120.7,46,92.9,76.7,82.7,110,61.8,42.1,81.4,77.1,36.8,48.3,64.7,67.8,80.9,91.5,70.5,191.3,97.4,97.4,72.2,70.5,61.3,98.1,98.1,77,79,75.9,77.8,89.4,114.2,102.3,80.7
"2013-03",83.2,132.6,154.8,128.2,103,63.9,207.7,79.2,70,72.2,89.3,141.1,230.8,194,136,53.9,94.1,39.2,87.1,124.4,72.3,54.4,87.3,83.5,33.2,49.8,70,71,77.5,99.5,91.2,181.3,103,103,79.3,72.2,66.4,106.7,101.1,81.4,82.7,80.5,81.7,97.2,119.8,96.9,84.6
"2013-04",87.3,139.1,142.2,123.9,90.6,90.3,246.2,84.7,78.6,95.8,84.4,126.7,229.4,184.8,140.5,57.6,98.8,73.6,99.6,98.2,72.9,65,92.5,100.9,35.4,55.3,75.3,74.8,81.1,102.2,91.5,194.9,89.8,89.8,85.5,77.6,69.9,111.1,93.4,87,87.7,85.9,86.6,101.4,118.3,107.7,88
"2013-05",81.2,133.9,88.7,126.7,93.5,87.3,234,78.8,72.9,105.4,74.1,109.5,217.1,176.6,145.6,49.6,97.2,95.5,102.4,92.6,73.1,61,90.8,101.2,32.5,44,69.2,65.6,74,97.9,82.5,191,82.3,82.3,80.4,70.4,66.3,105.1,89.2,81,81.5,79.7,80,96,111.7,114.1,81.6
"2013-06",82,138.4,94.8,121.6,99.9,89.1,268.3,79.7,71.1,99.3,83.7,103.1,246.6,190.3,140.1,50.3,89.5,97.2,97.1,84.5,74.2,62.3,81.6,88.8,32.9,50.4,78.1,67.9,70.2,87.5,83.4,203.3,82,82,81.4,71.9,61.7,106.6,88.6,81.9,82.8,80.7,81.4,95.8,113,112.5,82.8
"2013-07",88.1,135.7,120.1,124,105.6,99.8,232.2,85.8,76.1,92.4,89.1,109.9,259.9,203.8,151.3,57.1,93.9,97.7,94.9,101.1,81.4,76.6,87.4,97.5,42.1,53.1,79.2,72.6,83.5,94.4,90.3,184,88.9,88.9,87.3,78.1,64.4,112.9,94.7,87.9,89.1,86.6,87.7,101.2,120.1,115.9,89.1
"2013-08",74.3,130.9,156.7,124.4,103.5,83.2,200,70.4,77.1,102.6,91.3,94.1,222.5,153.3,137.6,53.8,96.5,96.6,92.3,46.5,74.3,75.1,79.5,90.3,28.4,40.5,66,43.7,74.3,96,65.4,202,91.4,91.4,76.3,56.1,61,105.2,97.2,72.7,71.8,71,69.9,94.5,105.7,118.3,73.6
"2013-09",89,138.8,167.8,123,96.9,84.1,240.3,86.8,83.7,83.9,89.4,133.1,240.3,192.3,143.9,58.2,97.4,102.3,95.1,80.4,83.6,75.3,84.2,101.4,44.9,54.3,84.1,70.5,76.8,109.7,84.4,207,87.9,87.9,86.2,78.8,73.1,115.1,95,89,89.6,87.6,88.1,105.3,123,120.6,89.5
"2013-10",95.9,141.1,182,126.6,106.5,113.5,220.9,93.1,94.8,77.3,96.9,142.2,251.4,190.9,149.3,64.5,109.3,103.2,97.3,92,81.8,75.3,95.2,106.5,50.8,55.7,80.4,77.5,107.6,117.3,83.8,223.3,101.7,101.7,90.6,86,75.2,123.6,106.3,95.3,95.6,93.9,94.2,112.1,127.9,124,96.2
"2013-11",93,140.1,156.4,122.4,58.8,124.7,234.5,89.8,93.3,71.9,97.2,139.9,248.6,199.9,133.5,62,109.6,101.7,92.5,99.9,77.5,73.2,90.1,102.2,49.1,54.4,80.9,71.1,113.1,116.5,82.7,233.2,104.4,104.4,85.8,82.6,74.5,122.5,107.3,91.9,92.1,90.7,90.7,111.1,127.7,119.2,93.3
"2013-12",78.6,141.5,123.4,128.2,85.2,71.5,262.9,72.9,86.9,70.8,89.9,118.3,188.9,159.2,112.5,53.2,102.8,105.1,77.4,84,57.3,44.2,80.1,79.6,39.1,35.6,81,49.6,109,89.7,64.2,261.3,114.3,114.3,66.9,67.3,53.8,106.9,115.4,75.4,74.3,73.7,72.4,93.7,100.2,121.3,78
"2014-01",83.7,125.7,133.5,127.3,87.3,65.9,183.1,79.1,67.9,55.9,64.9,138,224.4,216.3,128.4,61.4,112.2,95.3,85.6,90.4,61.7,29.3,83.2,86.4,37,52.8,71.4,67.7,97.7,101.1,70.8,206.1,111.7,111.7,74.4,74,64.5,105.1,112.6,81.1,82.9,79.6,81.3,95.5,120.1,117.6,85.5
"2014-02",86.3,126.2,149.8,115.7,96.4,60.7,215.6,82.7,67.6,57.3,78.6,141.2,235.3,215.8,121.9,63.1,98,93.3,84.9,92.5,67.6,46.1,83,84.4,44.6,57.7,71.9,72,106.8,108.6,75.8,203.7,103.6,103.6,78.5,78.6,71.1,105.1,105,84.7,86.9,83.4,85.6,97.4,123.6,111.7,88.4
"2014-03",92.2,138.3,124.9,128.2,103.6,77.5,242,89.4,73.9,74.2,93.4,136.9,238.2,209.6,139.7,64.2,116.3,96.4,94.5,111.6,80.8,64.1,94.5,95.4,55.7,58.9,79.5,76.7,95.9,104.9,89.2,198.9,98.7,98.7,86.9,85.4,70.7,111.6,102.7,91.6,93.7,90.3,92.3,102,125.4,118,94.2
"2014-04",88.5,132.9,89.3,122.8,91,77.9,244.5,86.9,81.2,89.3,89.8,118.6,217.5,193.1,133,66.4,110.7,93.1,99.2,94.6,76.1,64.7,88.5,88.8,53.8,55.6,81.2,71.3,111,102.8,92.4,197.8,81.7,81.7,83.5,82.5,69.8,112,88,89,89.8,87.9,88.6,102.1,118.2,111.1,89.1
"2014-05",91.5,145,136.3,125.4,96.5,81.9,278.4,90.1,83.2,87.3,88.7,137.1,246.1,210.9,139.8,68.8,112.3,107.4,95,98.2,82.6,69.7,73.3,95.5,65.1,58.3,84.5,71.5,91.2,104.1,100.1,185.1,80.6,80.6,87,84.5,71.9,118.3,89.7,92.4,93.4,91,92,107.2,126.6,121.7,92.3
"2014-06",90.6,126,152.8,120,94.3,78.9,191.9,89.9,81.9,94.2,105.3,122.8,259.4,198.6,134.8,72.3,99.2,73.7,93,85.5,78.2,78.2,88.7,92.4,68.3,56.4,80.2,71.7,106.6,99.1,95.7,196.6,76.8,76.8,85.3,85.8,70.8,116.2,83.2,91.7,92.7,90.8,91.7,105.4,123,106.4,91.3
"2014-07",93,143.4,157,124,110.9,92.3,260.6,91.5,78,95.7,114.2,117.6,264.8,218.4,137.3,74.9,95.5,109.9,104.7,82.9,84.2,71.3,95.7,101.9,77.1,58,81.7,70.4,96.8,93.1,103.5,179.4,83.7,83.7,88.9,87.3,67.5,116.2,92.4,93.7,95.3,92.4,93.8,104.5,124.2,123.5,94.3
"2014-08",74.2,143.1,121.6,122.9,110.4,81.4,281.5,70.7,71.6,95.8,107.1,88.4,203.5,152.1,131,64.7,101.4,113.9,92.8,67.7,77.4,69.6,81.7,87.6,44.7,43,64.7,39.4,82.4,91.9,75.7,197.8,84,84,76.5,58.3,64.5,100,92.3,73.3,73.1,71.5,71.1,91.8,105.4,121.9,74.1
"2014-09",94.7,136.8,113.3,119.9,106.2,80.9,261.4,93.6,84.2,86.9,112.7,128.9,229.3,210,135.5,71.8,113.8,116.2,99.3,86.1,84.4,74.8,99.9,104,72.7,59.5,77.6,76.8,97.9,111,98,190.7,82.3,82.3,89.4,89.8,78,116.3,90.7,95.7,97,94.4,95.6,107.6,126.2,120.6,95.7
"2014-10",99.4,148.6,147.9,125.6,94.6,94.4,285.5,97.8,96.1,85.8,116.3,132.4,248.8,205.1,139.6,78.3,120.4,110.5,104.2,107.4,88.2,78.8,106.2,105.1,65.8,63.3,80.6,79.5,118.6,115,112.4,208.3,91.7,91.7,92.4,92.2,86.2,127,98.6,100,100.7,98.8,99.3,117.8,136.3,123.9,99.9
"2014-11",93.3,136.4,159.9,120.7,91.7,100,230.1,90.8,90.3,67.1,109.6,130.7,230.5,189.4,129.2,75.9,112.3,109.2,89,97.9,79.5,75,96.1,91.6,63.2,58.6,77.1,74.1,111.3,108.2,106.4,183.6,97.4,97.4,85.1,85.9,80.2,117.4,102.5,92.9,93.6,91.6,92.1,109,126.5,121.6,94
"2014-12",81.1,147.2,126.9,124.9,89.6,83.7,294.1,76.2,91.2,66.3,118,107.7,185.8,154.6,116.1,65.9,107.4,107.4,75.6,77.8,52.7,49.1,86.8,79.2,54.2,42.2,68.3,54.5,104.1,86.7,100.3,226,106.2,106.2,70,71.9,56.3,108.1,109.1,78.8,77.7,77.2,75.9,95.3,100.5,120.8,80.3
"2015-01",85.7,113.3,154.6,127.1,87.2,52.4,140.1,78.7,73.2,61.5,91.7,121.1,208.9,207.5,117.4,65.1,87.6,108.9,78,80.9,70.2,32.7,87,79,54.9,54,63.8,72.6,92.9,101.2,72.9,137.9,116.8,116.8,69.4,76,71.4,102.4,118.3,80.6,81.9,78.6,79.7,95.6,116.2,123.9,87.4
"2015-02",88.3,114.6,148,116.2,126.7,65.2,174.4,83.7,70.3,58.4,97.8,119.7,222.2,203.8,118.9,66.1,92.7,90.5,83.3,112.1,74.8,47.1,91.2,87.9,57.4,55,69.1,75,107,108.1,81.9,186.1,106.5,106.5,76.2,82.4,76.3,104.3,107.5,85.4,87.6,84.1,86.4,98.1,123.1,111.6,90.6
"2015-03",95.5,133.1,155.1,129.2,128.3,84.7,218.7,92.8,80.7,81,108.7,121.8,226.3,239,130.4,75,104.8,112.9,97.1,106.5,85.5,73.4,101.8,99.1,66.9,56.9,72.3,83.6,104.9,117.1,83.4,159,98.6,98.6,89.1,87.9,82.2,115,104.5,95,96.9,93.6,95.3,107.8,130,126.3,97.1
"2015-04",88.9,123,102.4,121.8,97,94.9,175.2,87.2,78.3,90.5,95.4,110.8,205.1,172.3,125,70,103.1,84.6,96.8,94.3,79.5,81.2,96.7,97.4,58.2,52,68.7,76,82.4,104.4,83.6,183.3,87.6,87.6,84.8,82.9,73.7,107,93,89.1,90.2,88,88.9,99.7,115.1,113.4,89.8
"2015-05",90.2,129.3,128.1,123.8,127.2,96.8,201.9,90.6,81.2,92.6,113.9,105.3,220.6,186.1,134.6,76.3,97.5,110,90.9,97.4,84.1,93.5,97,108.7,59.6,57.2,68.5,74,101.6,107.3,84.3,172.8,74.6,74.6,89.4,84.7,77.4,111.1,84.4,92.8,93.9,91.5,92.5,103.7,119.5,121,90.9
"2015-06",92.9,121.8,137.3,118.7,130.5,105.9,155.3,94.1,82.7,102.7,125.3,109.4,232.3,196.6,138.6,76.2,104.6,107.8,95.8,95.5,84.4,93.2,97.8,106.7,63.7,60.8,70.7,81.1,102.9,108.4,87.3,184.6,76.1,76.1,90.7,88.8,80.8,116.1,84.8,95.6,96.7,94.6,95.6,108.3,124.8,116.9,93.4
"2015-07",96.2,117.7,138.7,120.8,96,102,126.8,96.4,85.9,113.3,122.4,115.8,244.7,212.6,137.7,76.4,98.9,111.6,98.3,87.7,89.4,98.8,97.9,109.1,58,64.6,71.6,80.5,103.8,108.2,92.7,203.7,87.7,87.7,91.7,90.4,82.2,120.9,94.4,97.6,98.3,96.6,97.2,112.3,128.5,119.3,96.6
"2015-08",83.1,117.9,145.7,121.6,97.7,100.3,125.5,80.5,85.3,112.3,127.4,79.1,185,133.2,134.6,71.9,101.5,125.4,97.8,66.3,80.8,93.7,82,90.9,53.6,52.8,53.2,51.8,85.2,105.9,56.2,165,86.6,86.6,83.5,65.3,72.7,104.7,94.3,82.5,81.3,80.6,79.1,97.6,102,123,82.1
"2015-09",96.4,119.9,148.3,117,83.3,103.6,155.7,97.3,91.7,94.6,136.8,124.2,212.1,186.4,131,80.2,118.3,113.1,96.1,81.2,91.2,95.1,90.9,121.4,64.1,69.4,70.2,84.5,105.1,121,90.1,193.4,83.4,83.4,92.1,94.2,90.5,116.7,90.5,98.6,99.3,97.7,98.4,110.9,125.4,117,96.8
"2015-10",98.9,121.3,150.7,125.2,92.1,113.1,115.3,98.6,101.1,79.2,147.7,130.7,224.1,183.7,131.9,84.8,117.1,86,78.8,96.2,96.2,94.1,97.6,112.5,65.1,71.6,65.5,88.2,113.2,121,87.2,206.9,93,93,92.9,94.6,89.6,121,98.2,99.8,100.2,99,99.3,114.1,127.7,117.5,99.1
"2015-11",95.5,115.9,168,121.4,96.6,100.4,108.9,94,98.2,81.8,144.9,123.8,215.8,183.3,138.8,80.9,116.9,81.2,76.4,88.3,86.5,89.5,91.1,104.7,63.4,67.5,69,80.1,99.5,119.7,89.9,203.7,97.2,97.2,87.6,89.5,84.7,118.2,100.8,95.2,95.2,94.3,94.2,110.8,122.8,114,95.5
"2015-12",86.3,116,166.5,124.1,66.1,78,134.3,81.3,88.9,83.7,129,100.5,180.9,140.3,115.7,76,122.3,95.3,69.6,68.5,65.5,64.4,83.1,91.4,62.5,55.9,62.7,63.1,104.6,100.9,78.6,235.2,105.1,105.1,72.9,80.5,67.5,103.6,108.1,83.2,82.5,81.6,80.6,95.6,101.4,119,86.1
"2016-01",85.6,103.1,162.3,125.2,121.8,39,91.2,79.8,72.9,62.7,130.4,113,200.7,184.3,116.3,74.9,97,105.4,64,84.9,76.6,35.1,81.8,82.8,66.1,59,61.3,76.5,72.3,117,76.5,132.8,113.4,113.4,69.7,77.4,80.2,99.9,115.2,81.1,82.3,79.2,80.2,95.6,115.4,121.9,87.2
"2016-02",91.6,101,156.8,115.6,148.1,61.1,83.6,90.2,79.1,69.6,146.9,122.6,235.1,197.5,124.7,83.6,104.8,112.1,73.9,88.2,87.6,60.3,95.2,98.2,71.8,62.4,67.2,82.4,88.3,127.1,85.9,177.9,97.1,97.1,80.4,87.3,91.1,110.3,101.1,90.7,92.4,89.6,91.2,106.1,128.9,115.9,93.2
"2016-03",100.2,113.8,105.8,120.1,160.4,105.1,96.1,99.9,89.8,84.4,164,124,229.7,195.5,130.7,87.7,103.5,110.5,90.6,96.6,91.7,86.4,101.3,121.5,79.5,69,71.7,94.5,96.9,133.7,91.9,173.6,97.4,97.4,91.9,99.4,95.8,117,101.7,100.7,102.1,99.9,101.3,112.3,130.9,117.7,101.4
"2016-04",96.1,103.9,78.8,107.5,120.2,104.1,90.2,97.9,102.3,96.9,158.6,111.3,228,181.7,126.4,86.9,107.6,116.3,97.2,93,87.8,92.6,100.7,109.4,65.1,66.9,68.9,88.1,90.8,122.4,91.6,178.2,83.3,83.3,91.4,91.9,87.1,122.6,88.7,98.2,97.7,97.7,97.1,114.8,125,108.7,95.4
"2016-05",93.4,102.1,105,104.7,125.9,98.6,93.6,95.2,90.3,94.2,98.3,107.5,216.5,180.6,132.8,83.6,104,114.3,96.9,88.3,88.1,91.2,102.1,108.2,66.5,70.3,66.4,85,83.8,126.8,88.6,164.6,80.2,80.2,91.6,88.5,91.7,114.2,85.9,95.6,96.2,95.1,95.6,109.2,123.6,106.7,93.7
"2016-06",96.1,98.6,117.5,97,104,109.2,86.6,98.3,95.9,107,77.9,111.7,231.9,190.2,130.7,82.8,104.8,103.9,91.9,86.3,88,93.5,96.3,107,72.7,71.6,76.7,89.2,87.4,122.4,89.7,186.1,82.7,82.7,91.3,94.2,91.1,120.6,86.2,98.3,98.3,98.3,98.3,114.1,126.8,99,95.9
"2016-07",93.5,102.4,136.2,102.9,87.5,100.6,99.6,94.5,93.9,113.9,104.5,106.7,230.7,189.8,134.9,88.9,96.9,119.6,96.7,71,89.8,93.6,97.1,102,68.7,67.2,57,81.1,87,114.8,90.2,181.1,84.8,84.8,91.6,85,84.3,118.7,89.6,94.9,94.4,94.3,93.7,111.1,121,107.3,92.9
"2016-08",88,105.1,122.5,105.4,80.6,111,95,87.2,92.7,108.6,105.8,86.7,185.5,146.6,132.5,80.6,109.6,111.2,92.3,64.7,85.2,99,84.2,93.7,65,64.2,62.9,65.4,77,120.5,66.2,181.6,86.5,86.5,87.5,75.7,85.9,108.1,90.8,88.2,87.1,87.4,86.1,103.2,108.6,107.1,87
"2016-09",98.8,109.6,138.4,100.7,101.7,121.4,127,101.1,95.9,99.8,119.6,121,218.3,192.6,138.6,91.3,118.4,85.1,94.9,82.2,86.6,97.5,94.8,112,87.5,78.9,69.9,96.9,86.5,133.1,94.7,176.6,81.9,81.9,95.6,98.4,98.9,119.7,85.4,101.5,102.1,101.7,102.3,115.1,129.1,98.4,98.9
"2016-10",99.5,110.2,147.1,107.7,116.7,110.6,114.3,100,101.9,86.5,156.6,120.7,206.1,181.2,137,93.4,119.8,117.2,96.6,83.4,90.8,89.6,101.7,111.7,72.6,75.5,68.1,92.6,91.9,132.3,86.4,196,92.9,92.9,94.5,95.7,98.6,118.7,96.7,100.5,100.7,100.1,100.2,114.2,125.8,110.7,99.5
"2016-11",101.3,112.9,150.3,111.7,106,109.7,117.9,100.2,104.7,79.4,100.1,129.1,206.5,193,135.6,91.8,126.8,118,94.3,88.8,90.9,82.1,106.3,107.9,77.6,71,71.8,94.9,91.5,138.1,84.1,180.9,103.2,103.2,93.4,96.1,100.4,120.8,105.5,100.9,101.2,100.3,100.5,116.3,129.9,114,101.5
"2016-12",88.2,111.5,153,121.4,96.2,69,126.9,82.2,91.8,84.3,73.7,102.1,172.4,143.8,111.6,78.6,110.7,119.1,74.8,68.4,67.6,54.6,91.9,88.4,73.9,54.3,63.2,69,81.5,108.5,64.6,229.6,114.9,114.9,73.3,80.8,73.3,103.1,116.4,83.8,83,82.1,80.9,96.6,101.9,121.7,88
"2017-01",90.2,101.4,157.9,123,84.5,51.3,75.2,84.3,75.9,69.2,99,116.6,180.1,178.9,110.1,84.3,97.7,101.1,66.8,85.3,78.1,35.4,94.6,84.9,70.9,61.4,65.1,92.5,70.8,113.9,76.5,142.7,120.3,120.3,72.3,87.3,81.5,99.2,120,85.3,86.6,83.7,84.9,95.3,112.1,119.2,91.9
"2017-02",95.6,101.6,151.5,110.1,92,63.7,114,93.5,83.6,66.9,106,128.9,195.8,196.7,112.6,83.3,121.1,86.4,78.1,98.4,87,56.9,101.8,96,79.5,73.8,73.8,98.4,79,123.7,89.6,159.6,105.8,105.8,83.9,94.5,94.6,108.7,105.9,93.9,95.8,93.4,95.2,105.6,126.6,106.1,97.3
"2017-03",110.5,108.8,143.1,116.3,94.5,89.3,101.5,111.5,100.6,98.7,117.4,136,224.8,210.6,142.2,95.4,140.8,99,100.3,109.1,101.6,85.6,109,128.6,88.3,81.7,81.3,114.6,99.3,135.1,103.9,238.1,105,105,99.9,114.7,106,128.1,106.8,111.4,112.8,111.3,112.8,123.2,142.2,113.3,111.6
"2017-04",95.6,113.6,93.2,117.8,64.7,102.2,120,95.2,91.7,98,101.8,106.4,174.6,167.3,120.1,80,126.7,114,93.9,107.9,86.5,85.5,102.4,97.3,78.8,66.8,69.2,94,81.3,114.2,89.7,186.7,91.6,91.6,89.4,93.6,83.5,112.6,96.9,96.3,96.7,95.3,95.6,106.2,116.6,116.3,95.9
"2017-05",107.7,122.7,151,113.6,74.4,125.2,159.5,110.8,98.3,107.6,124.3,143.8,211.1,196.6,141.2,99.2,133.9,91.7,100.3,106.9,99.7,100.9,115.9,117.7,92.8,81.4,108.6,107.7,96,133.2,104.2,172.5,84.5,84.5,104.7,112,102.3,126.3,89.9,111.5,112.9,111.6,113.1,121,137.3,109.9,108.5
"2017-06",103.1,117.2,148.6,109,114.5,114.2,152.5,105.6,89.4,117.5,116.8,114.4,199.8,180.8,112.9,91.6,133,112,95.8,93.6,93.3,96.3,109.7,124.4,89.7,75.4,110.9,102.5,89.2,112.5,99.2,180.5,84.2,84.2,97.3,111.1,88.4,118.2,89.8,106.2,107.6,106,107.4,111.6,124.1,110.7,103.9
"2017-07",100.7,116,155.8,111.1,127.3,110.6,138.2,102.3,89.6,117.8,123.8,113.5,206.6,190,121.2,92.2,133.1,115.2,98,91.2,97,97.7,110.8,113.2,82.3,71.6,96.8,92.9,80.1,103.1,96.6,208.2,86.7,86.7,97.9,101.8,79.4,119.2,92.3,103,103.9,102.6,103.4,110.4,122,113.1,101.2
"2017-08",94.7,123.3,153.6,114.1,117.4,111.7,176.8,94.5,97.9,120,124.2,94.1,160.3,132.4,120.7,96,131.1,126.4,100.2,67.5,90.1,98.6,94.9,104.4,82.6,71.8,84,79,75.2,115.6,69.7,155.7,86.6,86.6,93.9,88.5,88.9,110.6,93.2,96,95.1,95,93.9,105.8,108,117.7,93.8
"2017-09",105.6,123.6,156,113.9,99.1,108.3,186.1,108.2,101.2,92.6,118.1,125.3,197.8,185.3,123.2,96.3,131.6,115.9,104.7,91.3,98,100,107.6,118.1,98.1,81.4,110.2,104.3,83.5,125,97,182.9,84.5,84.5,100.7,112.2,98.1,120.6,91.1,109,110.3,108.7,110,115.6,128.4,115.4,106.2
"2017-10",110.6,127.9,151.9,120.4,124.2,122,166.5,112.7,111.5,92.4,120.5,126.3,190.2,181.3,135.4,108.9,132.3,126.7,105.8,109.9,101.5,101.6,113.2,131.1,95.9,84.4,108.5,107.6,98,132.7,99.9,186,92.3,92.3,105.4,116.2,102.3,125.5,98.8,113.6,114.4,113.2,114,120.4,130.6,122.5,110.9
"2017-11",110.3,122.7,157.2,118.7,104.3,111.8,153,111.2,109,91.5,119.9,138.6,190.4,183.6,139.4,108.5,147.7,122.6,100.3,110.1,96.3,94.6,95.2,117.5,95,88,111.3,107.9,105.4,145,99.2,172.9,100.9,100.9,101.9,113.8,106.8,126.2,105,111.8,112.6,111.4,112.2,121.9,135.5,120.5,110.8
"2017-12",96.1,125.8,138.9,122.1,79.7,108.8,169.8,91.3,93.6,86,96.7,101,143.4,136.6,121.1,89.3,137.2,121.8,81.7,76.1,72.6,63.2,94,106.9,81.2,60.7,92.9,86.7,95,112.3,73.2,189.6,114.1,114.1,81.8,98.6,78.9,102.4,115.8,93.2,93.3,91.8,91.8,97.2,101.8,122.5,96.6
"2018-01",97.6,106.8,156.2,116.7,91.4,58.9,128.7,94.9,84,79.3,108.7,122.5,168.9,184.6,115.7,89.3,110,119.4,81.1,106,84.3,44.9,96.2,90.8,81.5,74.5,99.1,106.3,82.4,123.3,82.2,117.2,109.8,109.8,81.7,102.5,88.3,106.2,111.6,95.6,97.2,94.5,96.1,102.3,117.9,118.3,99.2
"2018-02",101.3,107.1,131.4,110.2,95.6,68,148.6,100,86.3,77.7,97.8,134.8,175.2,185,107.2,90,111.1,105.7,84.1,112.8,93.1,63.6,97.7,104.9,87.8,81,107.3,108.7,88.9,123,94,110.3,106.9,106.9,88.4,107.9,94.5,109.3,107.5,100.4,102.5,100,102.2,106,123.7,109.8,103.2
"2018-03",111.8,117.1,147.1,120.8,116.5,87.6,140.5,111.5,98.9,104.5,117.6,138.5,190.1,187.5,127,95.8,128.7,126,97.2,121,100.7,79.9,109.6,108.2,97.3,93.3,125.1,119.3,92.5,124.2,93.2,136.9,111.5,111.5,100.8,118,99.9,122.4,113.9,111.8,113.4,111.3,112.9,117.4,131.6,122.5,113.1
"2018-04",99.6,109.4,120.6,112.4,98.8,82.8,134.7,101.1,89.6,95.8,107.9,116.4,153.9,155.6,114.5,83.4,109.2,89.9,91.7,106.1,89.6,92.9,106,96.3,76.1,86.2,105.9,112.2,83.9,111.4,91.2,121.1,87.9,87.9,94.8,107.3,85.1,107.2,92.1,101.5,102.9,101.2,102.6,102.3,111.5,107.8,100.5
"2018-05",108.8,118.4,106.3,113.9,97.8,105.8,160.4,112.9,101.5,114.6,100.1,127.5,181.3,182.9,122.3,99.1,123,97.9,104.8,114.6,98.2,110.8,113.3,116,87.3,92.3,114,120.5,90.2,124.8,97.1,162.7,82.1,82.1,106.8,117.8,95.8,122.5,88.1,113.2,114.4,113.3,114.6,116.6,126.4,110.3,109.3
"2018-06",108.7,123.2,117.6,110.2,112.5,108.5,202.8,112.3,92.9,120.4,98.7,128.5,185.7,174.9,137.4,102.6,128.5,122.7,102,122.3,105.8,106.2,110.3,115,91,91.7,108.8,121.8,72.6,115.2,93.9,151.7,83.6,83.6,109,116,92.3,120.3,89.9,112.9,114.7,112.9,114.8,114.1,126.2,113.1,109.8
"2018-07",108.1,120.9,125.2,114.8,116,110.4,162.6,110.6,96.1,110.3,104.1,123.1,190.2,182.5,137.6,103,118.1,119,109.9,94.7,100.8,105.9,107.6,124.9,88.2,87.3,109.1,114.8,92.8,108.9,96.8,132.2,89.2,89.2,106.6,115,87,118.4,94.9,111.1,112.7,110.9,112.6,111.5,121.3,116,109
"2018-08",98.3,119.5,133.9,113.4,102.5,122.5,141.1,98.4,99.9,114.5,93.6,88.3,147.1,125.8,134.4,96.2,115,128.6,105.6,76.1,92.8,109.9,95.7,98,83.5,83.3,90.3,89.4,92.1,114.8,69.2,137.1,90.5,90.5,100.1,94.2,86.1,107.9,96.2,99.6,99.1,98.7,98.2,103.1,103,117.2,97.8
"2018-09",106.1,118,137.1,111.2,115.7,111.9,154.2,109.3,98.7,105.8,95.8,114.2,167.2,155.7,122.7,108.2,114.8,113.9,96.4,92.6,99.4,106.3,100.9,115.2,95.3,91,115.7,116.5,86.7,112.7,93.7,157.1,84.3,84.3,103.7,116.5,92.4,113.4,90.2,109.7,111,109.6,110.9,108.7,115.3,112.4,106.8
"2018-10",114.5,124,156.3,115,102.1,124.6,159.8,117.5,111.6,93.7,104.4,130,175,172,130.3,103.4,127,117.8,105.6,108.7,105.9,110,112.3,123,101.5,103.9,117.3,125.6,95.8,133.8,102.7,158.1,94.1,94.1,111.6,123.6,106.6,122.7,98.9,117.8,119.2,117.9,119.3,119.2,128.4,116.6,115.3
"2018-11",113,122.2,146.1,113.1,92.4,109.5,179.4,114.5,107.2,99.7,104.2,123.1,168.1,180.8,128.2,112.5,139.4,91,87.9,94.8,99.5,98.6,105.8,128.7,100.8,102.2,113.7,123.7,116.5,127.3,104.9,146.6,101.1,101.1,105.7,124.7,100.8,120.4,102.9,115,116.2,115.2,116.6,116.1,124.3,109.3,113.8
"2018-12",95.4,114.9,137.9,118.1,41.6,77.6,159.8,90.7,91.3,88.4,91.9,89.4,130.4,127,106.1,95.3,118.2,117.9,79.5,83.8,75.9,65.6,95.8,102.6,84.5,65.6,99.8,89.7,88.4,92.8,71,173.5,115.8,115.8,82.5,98.5,69.8,98.6,116.4,92,92.2,90.8,90.8,92.2,93.5,118.6,95.9
"2019-01",97.7,107.9,111.2,120.2,106.1,63.4,120,94.3,86.1,75.4,99.4,106,139.9,151.9,114.9,91.4,103.2,122.5,85,99.1,85,50.6,98.3,82,79.7,80.6,93.8,115.4,78.4,106.9,80.2,97.5,113.6,113.6,84.7,102.5,83,99,115.1,95.1,96.6,93.9,95.3,95.5,105.3,120.5,99.3
"2019-02",103.3,105.5,126,108.7,97.6,76.6,131.8,103.1,86.6,75.7,104.4,121.7,155.4,161.6,121.3,108.1,104,108.2,86,117.1,95.3,71.2,103.1,104.9,90.3,86,108.5,119.8,92.5,107.1,93.6,117.6,103.7,103.7,93.8,113.6,89.3,105,104.9,103.2,105.7,102.9,105.5,101.6,115.6,109.1,105.4
"2019-03",111.6,118.7,153,116.9,104,105.3,142.2,112.8,94.6,93.9,113.2,128.8,167,165.5,130.8,107.8,112.7,101.3,99.9,108.7,104.3,97.9,110.3,105.1,102.5,97.4,121.2,127.4,103.6,113,105.8,154.6,102,102,107.9,122.3,89,113.2,104.7,113.1,115.6,113.1,115.7,107.9,118.6,114.5,113.5
"2019-04",101.1,117.9,120.7,110.6,78.3,117.5,153.3,102.7,97.6,94.1,93.6,110.4,139.7,136.3,123.6,95.1,121.6,108.9,98.3,122.2,94.3,97.7,106.5,95.6,83.8,85.9,90.3,112.6,88.5,101.8,100.1,154.8,86.3,86.3,101.3,105,80,110.1,91.4,103.5,104.4,103.2,104.1,103.5,108.6,110.5,101.5
"2019-05",109.2,115.7,135,111.6,88.7,112.4,137.9,112.7,104.3,111.3,88.2,123.8,152.5,152.5,120.9,95.1,132.3,132.9,102.6,103.9,104.2,103.2,108.5,106.3,89.4,96.9,112.6,126,99.2,114.9,112.7,162.3,86.8,86.8,106.9,118.9,92.8,118,93.1,112.8,113.8,112.7,113.7,112.4,117.7,116.8,109.6
"2019-06",101.9,113.4,105.9,106.9,108.2,98.2,165.9,104,94.7,119,85,98.1,158.9,152.8,101.2,85.9,113.4,116.8,86.5,90.8,106,103.1,103.5,97.4,83.4,89.3,109.6,109.6,97.2,106.9,93.3,139.9,85.9,85.9,100.5,107.7,84.9,111.1,90.8,104.5,105.2,104.3,105,105.3,109.3,109,102.2
"2019-07",104.8,112,118.5,109.1,121.5,114.3,119.1,107.9,101.4,120.3,95.5,105.5,167,158.6,109.7,102,113.9,122.5,102.6,101.1,98.7,111.2,106.4,103.7,84.4,92.4,104,111.6,99.2,109.7,122.8,156.2,84.2,84.2,104.1,109.9,85.8,117.9,90.2,108.1,108.5,108,108.3,110.8,115.1,112.2,104.7
"2019-08",91.7,108.7,115.5,108.8,95.5,110,106.9,92.3,95.4,115.2,102.9,72.6,127.2,99.5,100,89,109.9,124.4,103,63.1,91.6,109.7,89.3,84.1,88.6,79.5,85.3,86,86.4,104.3,69.1,118.6,82.5,82.5,94.1,87.5,84.9,99.6,88.8,93.2,92.3,92.3,91.2,96.3,93.3,112.3,90.8
"2019-09",104.8,117.4,131.3,108.8,105.5,122.3,147.1,108.3,104.1,103.7,104.6,108.2,154,141.6,109,93.5,121.8,122.2,97.8,88.9,99.8,110.9,94.2,101.4,99.6,90.2,115.8,115.8,109.1,117.9,99.9,140.5,80.7,80.7,101.2,115.5,98.1,113.3,87.4,108.8,109.4,108.6,109.3,109.9,114.2,112.2,104.9
"2019-10",109.7,119.3,129.8,107.9,124.5,135.9,142.3,113.4,113.9,93.5,107.6,109.7,158.9,149.9,114.9,101.3,135,127,102.8,118.1,97,113,103.2,104.5,98.3,97.2,112.2,125,117.4,124.8,108.9,141.3,85.5,85.5,105.2,120.2,104,121.2,91.2,113.7,114.3,113.8,114.4,117.4,123.7,112.5,109.8
"2019-11",106.9,115.5,116.1,111.2,134.1,120.6,124.7,109.1,105,98.1,112.2,108.5,152.3,133.3,110.8,97,128.2,124,90,101.7,98,101.4,96.7,100,110.4,95.5,108.4,118.7,108,126.4,102.4,170.9,91.4,91.4,100.3,117.2,103.3,113.5,96.2,109.4,110.2,109.2,110,111.2,117.2,114,107.3
"2019-12",92.2,112.2,114.2,116.8,75.2,93.5,123,88.7,96.1,95.1,103.1,80.4,123.7,91.2,90.3,80.6,118.3,114,66.4,86,71.2,77,83.2,79.5,77.5,69.2,105.2,89.1,106.3,95,80.6,184.2,105.3,105.3,77.3,98,72.3,98.7,107.6,90,89.2,88.8,87.8,92.9,90.4,116.1,91.7
"2020-01",95.7,105.5,106.8,116,103.7,63.8,121.8,93.1,86.8,78.8,109.8,107.3,115.4,136.3,90.2,87.1,96.4,125.7,91.2,115.1,88.6,57,89,81.2,81.7,92.1,89.7,110.4,87.2,98.2,90.9,80.9,107.3,107.3,86.4,98.6,83.2,96.8,109.5,93.8,94.9,92.7,93.7,93.8,101,117.8,96.9
"2020-02",100.8,104.2,112.5,106.3,110.5,67.4,147.8,101.1,89.6,83,110.4,112.8,123.5,122.4,100.5,96.2,102.3,103.4,98.6,122,99.1,75.9,94,92.1,93.6,96.9,99.9,118.5,106,106.8,99.4,82.6,98.4,98.4,94.8,108.6,96.1,100.7,99.9,101.3,103,101,102.8,99.7,108.8,105.8,102.2
"2020-03",97.5,109.8,83.8,112.7,97.5,99,118.1,96.6,100.7,91.1,125,93.9,104,99.2,92.3,105,105.4,98.9,100.6,114,93.6,95.8,99.8,97,100.8,89.2,101.9,92.9,95.3,80.9,96.6,108.4,98.3,98.3,96.6,97.3,80.2,100.8,100.6,97.3,97.1,96.8,96.4,96.2,94.9,109,97.3
"2020-04",62,96.2,30.3,102.5,64,95.8,82.4,56.6,83.5,69.9,103.6,50.7,74.2,41,81.6,75.3,83.5,68.6,65.8,108.8,47.6,75.8,75.2,68.3,73.8,51.4,50.5,20.4,45.3,30.1,54.4,85.9,81.9,81.9,67,38.8,34.2,77.8,84.3,58.7,55.8,57.1,53.8,68.1,59.1,93.5,59.9
"2020-05",76,94.6,39.5,92.3,79.3,103.2,101.7,74.8,89.6,91.2,87.8,71.6,115.1,84,93.8,81.6,89.1,91.2,97.6,96.1,69.1,97.6,85.7,78.6,73,62.1,57.5,53.3,66.2,60.7,78.2,91.7,76.8,76.8,83.5,60.1,54.9,92.1,79.7,75.9,74,75.2,73.1,83.9,79.7,90.7,74.4
"2020-06",90.6,93.2,75.9,88.2,82.4,111.1,92.1,93,96.3,116.2,69.5,96.7,127.1,108.4,105.1,85.7,90.1,104.5,106.9,121.5,94.3,103.6,81.6,88.8,87.5,81,87.9,83.1,85.7,97.2,103.1,94.1,76.3,76.3,94.2,85.5,88,105.7,79.5,93,92,93.1,92.1,101.8,102.9,91.4,89.6
"2020-07",98,100.3,81.1,90.7,86.8,128,105.5,100.5,104.1,123.1,90.1,112.3,130.4,121.5,113.5,89.1,92.3,94,111.8,87.6,100,112.8,85.8,101,94.6,96.2,84.6,96.3,84.8,107.4,110.9,107.6,82.9,82.9,102.7,92.9,104.5,110.6,84.6,100.5,99.5,100.9,99.9,109.3,110.1,91.2,96.9
"2020-08",88.2,97.3,100.9,92.7,85.6,105.9,105.1,88.5,94.6,112.6,95.5,82.5,96.8,75,99.4,84.2,88.6,114.8,110.6,82.5,92.8,111.4,80.2,75.8,81.1,81.4,72.8,81.5,97.8,95.9,79.3,95.7,83.8,83.8,93,80.1,89.9,94.9,86.7,89,87.7,88.6,87.2,93.8,89.6,97.6,87.1
"2020-09",105,107,97.9,99.1,106.8,132.1,105.8,109,104.9,104.4,103,115.4,110.8,107.2,109.8,92.1,102.2,108.5,111.2,110.7,101,112.3,90.5,105.9,99.4,101.2,107.8,126.5,89.8,114.5,107.7,100.4,81.2,81.2,102.3,117.1,110.8,107.8,85.4,108.9,109.4,109.2,109.8,108.4,111,101.1,105
"2020-10",108.5,108.6,102.3,106.1,108.8,127,93.6,112.3,101.8,105.4,117.1,121.6,114.3,107.6,112.2,99.3,100.2,113.4,107.7,120,107.2,113.5,98.2,109.1,106.7,110.6,101.2,131.5,105.2,114.3,120.6,107.9,86.3,86.3,106.3,119.5,119.3,108.8,90.8,112.1,113.3,112.3,113.7,111.1,117.6,107.5,109.1
"2020-11",103.7,103.9,91.7,105,96.8,108.6,94.5,105,98.1,94.8,113.9,105.2,106.2,96.4,103,89,110.5,101.5,108,105.7,101.9,102.5,95,91.6,98.6,105.9,94.8,124.1,95.9,107.1,103.6,116.7,96.1,96.1,99.8,111.7,111.2,101.2,97.8,105,105.9,105,106,103.4,108.5,103.9,104.4
"2020-12",94.6,107.9,85.4,108.2,92.5,85.6,144.5,91.2,93,94.9,66.8,84.8,93.5,81,94.1,87.1,114.9,117.2,92.1,76.2,83.8,71.6,90.9,80.1,89.6,88.3,100.4,95.4,76.5,97.4,82.1,163.2,109.3,109.3,84,97.6,98.9,91.9,109.4,92.1,92,91.3,91.1,93.4,94.1,109.5,94.7
"2021-01",92.4,92.8,87.5,107.2,92.8,42.8,128.6,89.4,86.2,76.6,81.2,90.8,88.3,96.1,89,92.2,81.3,104.6,93.7,95.6,81.9,51.7,89.3,83.6,90.1,101.1,96.6,108.2,80.7,113.8,89.3,63.9,109.8,109.8,81.9,95.3,110.2,86.9,108.7,89.7,90.4,88.8,89.5,91.6,97.5,105.4,93.4
"2021-02",96.1,90.8,90,97,89.6,64.9,116.3,95,88.2,78.8,92.5,105.7,89,99.8,94.4,95.4,87.2,95,97.9,102.7,95.6,72.7,97,91.2,97.7,101.8,94.1,112.7,77.4,106,91.4,76.7,104.9,104.9,91.6,100,106.1,89.9,102.7,94.7,95.8,94.6,95.8,93.2,98.5,96.1,97.2
"2021-03",108.6,102,95.7,107.4,102.5,88.1,106.8,108.5,101.7,89.3,101.8,108.5,92.8,104.9,110.4,107.9,98.8,117.8,114,102.6,104.6,96,106.4,107.7,112.7,114.4,114.6,124.6,119.2,114,106.8,86.2,111.5,111.5,106.3,115.1,116.2,99.8,110.8,108.1,109.3,108.1,109.3,103.2,106.1,108.8,109.6
"2021-04",103.3,107.4,109.2,103.4,101.9,111.7,121.5,104,101.3,101.6,106.2,96.2,93.1,101.5,107,99.3,110.8,112.4,109.7,110.7,103.9,108.5,99.6,101.9,101,103.1,98.7,111.9,100.7,95,105.7,101,97.7,97.7,105.8,105.4,98.6,101.1,99.7,104.2,104.6,104.1,104.5,100.6,99.8,105.7,103.5
"2021-05",98,102.2,98.3,101.6,116.3,111.2,82.3,99,96,106.3,98.8,93.3,97.2,96.6,106.4,94.1,89.9,114.7,110.9,93.7,95.1,105.2,103.4,103.2,93.8,99.7,96.8,98.6,87.3,92,96.9,97,90.5,90.5,102,97.3,94.9,96.7,93.8,99.2,99.4,98.9,99.1,96.4,95,104.2,98
"2021-06",101.8,100.7,93.8,96.5,133.6,116.2,81.1,103.5,100.8,115,102,112.9,106.1,97.6,102.8,98.7,87.6,111.2,104.3,116.6,100.4,110,104,105.1,97,100.1,105.1,104.5,102,91.4,94.2,113.5,92.2,92.2,103.7,105.5,93,103.3,94,103.3,103.3,103.5,103.5,101.2,99.3,99.5,101.6
"2021-07",101.2,97.7,106.4,96.8,95.5,106.5,79.2,102.3,103.2,123.1,107.8,90.3,116.5,113.7,103.6,102.8,94,86.7,100.4,89.9,107.9,112.4,104.3,106.9,103.4,96,94,96.5,105.5,89.3,108,93.2,95.8,95.8,105.4,98,89.9,106.2,95.7,102,101.3,102.4,101.7,102.8,99.4,95.3,100.5
"2021-08",92.2,96.8,112.6,94.9,113.9,103.6,78,91.9,103.2,126,98.9,70.8,90.4,69.6,101.7,94.4,94.8,85.7,95.1,90.4,95.6,112,92.2,91.7,90.7,85.1,81.6,71.8,103.7,94.6,79.1,110.2,91.6,91.6,96.1,83.2,91.8,97.2,92.2,92.3,90.2,92.2,89.9,96.1,87.4,94.1,90.4
"2021-09",101.4,99.7,107.5,95.8,110.3,112.7,84.2,103.9,106.4,103.9,110.2,116.3,111.9,110.7,99.6,106,100.4,82.4,98.5,108.3,112.4,114,104.8,109,108.6,101.4,101.6,89.3,98.6,102.8,112.6,114,87.3,87.3,106.8,97.8,104.3,107.9,88.9,103.6,103.3,104.2,103.9,107.2,107.8,93.7,100.8
"2021-10",100.7,104.1,107.2,100.4,113.1,121.8,80.6,100.7,106.4,85.4,116.9,108.5,110.3,113.8,100.2,107.2,105.4,101.3,94,104.3,103.2,112.9,105.3,104.4,103.5,101.4,105.4,81.9,99.4,103,110.7,99.8,99.5,99.5,104.1,92.7,102.5,105.5,99.9,100.9,100.6,100.9,100.6,104.9,106.6,101,100.4
"2021-11",105.6,105.4,101,98.1,92.6,119.2,121.2,106.3,107.5,94.9,112.8,116.3,108.5,109.3,100.6,108.1,114.4,83.6,97.7,95,107.3,112.9,100.2,106.9,100.1,110.8,95.5,109.6,103.7,105.3,112.6,113.7,102,102,106.2,107.4,106.2,107.3,100.3,106.2,106.3,106.8,107,107.1,108.4,95.2,105.7
"2021-12",98.7,100.3,90.8,101,37.9,101.5,120.2,95.5,99.2,99.1,70.9,90.4,95.9,86.4,84.3,93.9,135.4,104.7,83.8,90.3,91.9,91.7,93.7,88.5,101.3,85,116.1,90.2,121.9,92.8,92.6,130.7,117.3,117.3,90.2,102.3,86.1,98.3,113.3,95.8,95.5,95.5,95.1,95.8,94.1,101.1,98.8
"2022-01",95.2,91.8,92,101.1,114.5,62.9,97.7,92.6,90.1,72,94.2,105.8,95.1,111.5,90.2,101.1,111,115.4,80.2,105.5,89.8,61.9,97.8,93.8,92.9,99.5,99.2,101,95.4,90.6,98.1,78.8,112.1,112.1,87.2,96.1,94.3,94.1,110,92.5,93.3,91.9,92.7,94.2,99.8,103.6,96.2
"2022-02",99,88.7,88.1,91.6,94.3,77.9,95.9,99.8,91.7,79.2,100.7,108.7,105.7,119,92.5,101.1,113.9,92.6,81.7,105.3,99.3,86,100.8,102,98.5,107.9,111.6,107.5,104.1,95.5,115.9,89.9,99.1,99.1,95.4,104.6,102.8,98.9,97.2,99,100.3,99.4,100.9,99.7,107.3,91.6,100.1
"2022-03",111.1,97.1,98.1,101,101.5,92.8,83.1,113.6,105.5,99.1,105.8,117.4,115.9,138.2,101.4,113.4,140.3,87.3,84.9,115.4,113.8,109.4,110.7,116.9,111.5,122.4,120.3,115.4,126.1,121,126.9,127.8,102.5,102.5,109.1,117.2,123.4,112.9,101.3,112.5,113.6,113.3,114.6,115,123.3,97.9,111.9
"2022-04",98,94.6,97.6,96,109.9,90.8,88.2,99.9,102,98.5,90.5,106.4,101.3,125.1,95.1,97.9,163.3,89,81.2,101.7,97.6,102.5,99.1,97,93.5,95,102.2,94.2,108.7,99.6,107.9,114.8,87.7,87.7,97.1,98.5,95.8,107.5,89.4,99.6,99.4,99.8,99.7,105.1,108.3,94.6,97.6
"2022-05",106.6,96.3,101.2,96.7,107.2,97.4,85,110.4,107.5,120.6,113.3,106.4,113.1,142.5,100.2,109.4,106,126.8,94.4,116.1,110.1,113.6,103.9,108.3,107.5,107.2,124.4,110.1,103.3,113.4,124,110.5,88.2,88.2,107,111.5,106.7,113.1,92,109.5,109.4,109.8,109.7,111.8,112.8,103.4,106.1
"2022-06",101.7,98.7,106.7,94.8,111.6,117.9,68.2,104.9,101,119.9,105,94.4,113.4,126.3,91,105.2,100.4,121.9,88.8,111.9,106.9,108.2,83.3,106.3,105.4,94.8,108.2,108.6,104.8,102.5,118.7,122.7,84.2,84.2,101.3,109.4,93.4,107.4,88.4,104.5,104.5,104.7,104.7,104.5,104.2,101.4,101.4
"2022-07",101.8,103.4,115.8,103.3,130.5,111.8,69.5,103.6,101.5,126.1,111.5,85.5,111.3,132.9,82.5,98.9,107.8,123.6,82.5,122.6,104.5,105.2,80.2,121.5,101.6,92.6,97.4,104.4,113.3,91.8,110.3,125.2,90.5,90.5,96.9,110.2,89.8,109.1,94.9,103.6,103.2,103.4,102.9,105.2,103.9,108.4,101.3
"2022-08",92.5,99.1,111.4,99.7,79.7,110.2,70.6,93.3,107.7,117.3,79.2,79.1,87.2,77.3,82.2,98.9,102.6,119,73.2,78.7,93.9,106.4,76.4,93.8,97.1,80.4,103.3,82.4,101.5,94.7,89.4,125.4,85.1,85.1,89.9,94.9,83.4,98.4,89.9,93.6,91.6,93,90.8,95.4,85.3,104.6,90.6
"2022-09",103.9,101.9,104.3,101.4,72.8,117.7,78,107.6,107.4,100.1,105.1,107,114.8,141.3,78.3,107.3,114.5,123.8,73.9,112.9,106.6,107.3,85.2,108.6,113.7,99.4,117.7,119.4,108.6,103.9,122.6,118.4,83.1,83.1,99.7,116.5,97.3,110.9,88.8,107.2,107.4,107.3,107.5,108.1,110.4,106.4,103.7
"2022-10",102.3,106,112.5,104.2,109.7,118.5,82.6,105.1,108.8,82.7,111.2,104.5,101.4,131.8,87.8,103,112.5,114.7,69.5,117.5,103.8,107.9,82.1,102,112.8,100,103.1,114.2,103.5,105.3,121.2,143.4,84.2,84.2,98.3,113.4,100.5,107,89.8,105.1,105.3,105,105.2,105.7,107.9,107,102.1
"2022-11",104.1,109,105.5,103.2,113.1,125.6,104,106.4,109.3,106.9,103.3,106.8,103.8,129.6,78.1,107.1,116.8,116.7,76.5,119.1,102.7,104.4,76.7,107.9,115.9,96,107.6,117.4,103,112.2,122,138.1,88.8,88.8,98.1,115.8,102.6,110.3,93.1,106.6,106.3,106.6,106.3,108.7,109.7,106.3,103.6
"2022-12",89.2,104,95.7,106.4,85.4,101.3,107.3,86.5,97.9,83.6,86.5,71.3,84.1,92.7,67.3,87.1,102.7,116.4,62.9,88.7,71.5,70.6,62,76.8,111.9,80.4,91.9,92.3,115.8,90.7,103.7,145.8,99.1,99.1,74.3,99,84.7,91.9,101.2,87.6,86.6,86.5,85.3,90.4,88.2,107.9,88.5
"2023-01",90.7,92.6,80.7,105.2,113.5,69.1,74.5,89,92.2,74.3,90.3,87.9,90.4,112.7,66.8,93.2,90.9,110.3,64,105.1,82.1,54.4,60,87.9,105.5,84.7,98,113.4,86.8,94.2,95,99.5,99.8,99.8,75.6,103.3,87,91.3,101,89.2,89.3,88.4,88.3,90.4,93,104.7,90.9
"2023-02",96.2,88.2,81.1,95,99.3,73.1,84.4,97.4,93.7,82.3,104.6,100.6,98.7,120.3,68,99,95.9,98.1,65.5,130.3,91.2,66.2,66.7,97.7,117.3,94.9,128.7,119.9,105.1,92.1,110.4,111,92.2,92.2,82.7,116.3,89.6,98.1,92.8,96.8,97.4,96.9,97.6,96.4,100.7,94.7,96.7
"2023-03",108.7,100,94.6,105.3,104,90.1,93.8,112.4,108.6,100.1,119.7,110.9,112.1,132.7,83.1,111.2,108.4,123,76.7,144.6,103.6,94.5,80.1,115.6,123.2,111.7,160,129.2,117.3,101.5,125.5,126.1,90.3,90.3,98.6,131.3,101.2,111.8,94.7,111.6,112.2,111.8,112.4,109.6,112.6,108.4,108.8
"2023-04",91.1,93.2,89.2,99.3,93.6,85.5,78.6,91.7,97.2,101.4,86.9,83,85.9,98.6,68.5,89.9,93.8,102.4,67.3,88.6,90.6,80,88,93.1,110.6,83.4,108.8,99.6,90.9,82.2,95.4,107.2,86.9,86.9,84.4,101.6,77.2,93.7,89.9,91.8,91,91.4,90.5,90.3,85.1,99.3,90.3
"2023-05",104.8,100.4,87.3,98.5,78.9,117.8,85.1,109.2,110.3,111.5,96.4,104.5,107.4,123,85.8,109.2,100.5,85.2,79.7,108.5,112.5,104.3,85.6,109.6,124.3,99.8,128.3,122,111.3,97.1,128.2,130.8,80.1,80.1,101.2,123,94,109.7,83.7,108.7,108.5,109.4,109.3,106.5,104.8,94.9,104.1
"2023-06",99.1,98.3,81.9,96.5,62.3,117.3,85.6,102.6,105.4,114.3,95,85.2,105.4,116.1,69.6,102.8,96,98.7,74.5,105.5,100.2,100.1,87.6,98.3,119.1,93.8,133.1,111.9,103.7,86.3,119.7,133.3,78.5,78.5,93.6,116.3,85.4,105.1,82.8,102.4,101.8,102.7,102.1,101.1,97.7,96.1,98.2
"2023-07",97.9,96.6,86,98,106,98.6,86.5,100.6,105.5,119.2,113.7,70.8,101.5,112.4,68.5,103.5,89,100.1,78.2,103.9,102.2,103.2,83.7,99.8,112.6,92.9,121.4,105.3,103.1,73.7,129.8,133.5,82.3,82.3,93.5,111.2,76.4,104.7,86.1,100.3,99.2,100.5,99.3,98.9,92.4,97.7,96.6
"2023-08",89.5,98.7,87.2,99.6,115.9,106.7,74.9,90.6,111.9,116.7,90.3,64.4,79.9,62.5,66.9,98.7,94.6,103.8,80.4,74.9,91.2,98.8,78.8,85.8,103.3,87.8,90.8,83.3,102,76.5,95.6,135.6,79.7,79.7,86.6,93.6,77.7,97.1,84.6,91.1,88.2,90.6,87.5,93.1,79.4,99.7,86.9
"2023-09",101.6,101.2,81.4,97.1,127.6,116.9,89.3,106.1,109.9,104.1,106.7,89,100.3,115.7,77.8,103.6,98.8,102.8,77.6,103.9,102.8,99.2,86.7,104.3,140.7,99,136.8,118.6,101.5,91.4,132.8,127.3,75,75,96.1,121.7,94.3,106.5,80.5,105.8,105.4,106.2,105.9,104,101.3,97.3,100.7
"2023-10",102.6,102.1,84.4,98.8,130.3,121.7,75.5,106.3,116.6,98.2,119.9,89.8,91.8,111.8,82.3,114.2,105.4,105.3,86.4,113.2,103.5,103.8,75.8,107.6,113.3,102.6,105.3,121.5,107.4,93.8,133.8,130.4,80.6,80.6,97.6,118.6,97.1,108.1,85.2,106,105,106.4,105.4,105.8,101.4,99.2,101.3
"2023-11",101.5,101.2,74.8,99.8,121.3,121.4,69.2,103.8,115.4,116.8,112.6,79.8,90,109.2,75.6,113.3,95.6,72.4,79.3,114.7,104.3,99.7,73.4,106.9,118.1,103.2,105.8,112.9,112.7,98.3,129.3,127.4,88.1,88.1,94.8,115,101.2,107.3,89.2,103.6,102,104.2,102.6,106.1,100.4,92.4,99.9
"2023-12",86.1,95.6,69.5,103.7,90.7,91.8,73.6,83.7,100.7,87.7,74.2,68.9,67.3,79.3,67.1,94,93.5,103.8,61.1,81.3,79.9,73.7,60.8,74.9,103.7,71.1,100.4,82,100.5,84.6,107.1,138.3,96.6,96.6,73.9,94.6,75.2,87.9,97.8,84.5,82.7,83.5,81.5,85.3,77.3,101.5,84.8
"2024-01",87,85.7,73.4,104,102.9,56.1,51.3,85.3,100.1,71.1,71.4,79.9,75.2,81,65.1,105.1,79.1,110.9,68.2,98.2,85.3,47,61.5,88.8,101,88.8,89.3,100.2,103.4,90.7,101.7,69.3,97.6,97.6,75.1,93.8,87.5,87.4,99.1,85.3,84.2,84.3,83,87.4,84.6,103.5,86.2
"2024-02",96.4,90.7,79.3,97.6,105.2,87.1,61,98.1,103.5,78.5,95.5,89.7,82.5,86.5,77.7,112.3,93.1,100.3,79.5,104.9,99.4,76.6,76.7,103.9,108.7,96.3,116.1,113.5,116.7,91.6,118.7,94.7,88.8,88.8,89.5,111.8,92.5,94.5,90.8,97.6,97.5,97.6,97.5,94.1,92.4,97,96.2
"2024-03",104.3,98.1,75.7,103.8,105.2,102.7,64.6,107.3,108.8,96.3,107.7,91.2,79.2,93.5,90.2,113.5,93.8,90.1,88.5,106.5,102.9,98,92.1,109.2,119,95.6,194,115.5,116.4,93.5,127.3,98.4,88.9,88.9,97.9,128,93.9,99.2,91.4,106.7,106.8,107.2,107.3,98.1,93.8,99.1,104.1
"2024-04",102.1,97.8,51.7,98.7,79.2,126.2,57.9,107.1,118.8,106.5,106.7,90,84.4,96.1,99,116.1,102.2,79.1,82.9,109.8,97,103.9,96.3,115.9,113.8,101.3,126.7,113.7,128.8,96.8,132.1,112.9,74.3,74.3,100.4,119.5,96.8,106,78.5,106.5,105.2,107.3,106.1,104.2,96.7,91.5,100.5
"2024-05",93.1,98.5,60.8,100.7,123.7,122.1,42.8,96.6,112.3,103.8,102.4,78.1,79.8,93.1,91.9,108.1,94.8,86,91.3,91.6,89.8,91.6,83.3,106.1,100.6,87.2,102.2,96.8,115,83.1,118.7,100.8,70.3,70.3,92.4,103.1,83.8,99.4,76.4,96.7,94.8,96.8,94.8,96.2,87.3,95,91.1
"2024-06",95.2,95,69.9,95.3,108.7,116.8,52,98.7,108.6,118.8,107.1,74,80.4,92.7,88.6,104.8,92.4,117.9,81.2,106.4,90.3,93.6,79.1,105.2,98.2,88.2,106.9,109.2,106.4,81.7,122.2,111.7,74.3,74.3,90.4,110.3,84,100.6,80.2,98.5,96.8,98.5,96.7,97.2,88.6,98.4,93.4
"2024-07",98.3,99.4,79.5,98.8,113.2,124.4,51.7,101,116.2,127.1,126.7,71.1,89.3,97.3,92.6,115,89.8,123.4,87.1,110.8,90.5,98.9,77.5,112.6,101.9,93.2,107.2,101.4,129.9,81,132.5,96.7,82.2,82.2,94.4,107.8,85.7,106.6,87.2,100.9,98.4,100.8,98.1,102.3,91.4,102.8,95.9
"2024-08",85.8,98.2,68.9,99.8,127.5,116.9,51.6,86.6,115.4,119.3,99.3,60.6,68.5,57.1,77,107.4,84.3,115.3,77.8,79.4,82.3,97.5,59.1,97,89.2,74.7,89.8,75.1,100.8,78.9,99.2,87.8,76.1,76.1,82.2,87.9,77,95.2,82.2,87.4,83.5,86.6,82.4,91.5,74.2,101.1,82.3
"2024-09",97.8,96.7,65.8,92.5,108.5,126.3,64.8,102.1,116.2,108.6,111.5,80.1,75.9,86.5,81.9,118.4,96,119.3,79.8,107.2,93.7,105.7,70.1,114.4,112.1,98.7,105.3,109,122.1,87.7,125.9,121.6,72.5,72.5,94,114.5,92.3,102.2,78.4,101.8,100,102.1,100.2,100.2,90.6,96.4,95.8
"2024-10",103.9,104.3,80.5,101.4,100.2,134.8,64.5,108.2,128.3,92.9,126.9,89.8,88.6,102.3,87.2,123.3,103.7,125.3,88,124.6,100.1,106.2,78.5,119.9,112.3,107.9,107.3,116.8,119.3,92.6,134.9,114.2,78.6,78.6,99.5,118.3,100.5,111.6,85.2,107.9,106,108.1,106.1,109.4,102,105.2,101.9
"2024-11",100.8,97.5,73.7,97.5,94.8,117,66.1,103.5,118.3,96.3,116.9,77.8,73.3,93.3,80.5,119,107.7,115.6,78.3,125.3,97,99.9,75.2,114.4,99.6,103.4,115.2,107.4,128.3,100.3,135.3,124.8,86.4,86.4,93.3,116.1,101,104.4,89.7,103.1,101.6,103.3,101.7,103.7,97.2,99.8,99.3
"2024-12",86.8,94.5,72.4,102.3,70,91.5,77.5,85.4,106.5,81.4,70.9,57.7,56,69,67.8,96.4,93.1,115.3,65,86.8,72.6,69.9,60.2,85.1,92.7,72,116.8,85,109.9,89.3,107.7,146.2,92.2,92.2,72.3,101.5,80.3,86.7,94.9,86,84,85,82.8,85.4,75.3,103.1,85.2
"2025-01",85,86.7,76.6,102.7,116.7,64,43.8,83.4,104,77.6,72.4,60.4,59.4,88.4,63.6,103.2,87.4,116.9,71.3,119.1,83.7,52.3,60.7,93.8,91.3,82.5,80.9,87.9,109.4,92.3,114.9,62.5,93.5,93.5,72.7,88.9,89.3,89.5,96.1,83.6,81.7,82.5,80.3,89.5,85.2,104,83.5
"2025-02",91.4,84.6,70.5,92.5,126.7,77.2,49.6,92.1,104.2,82,95.4,75.4,66.1,83.1,74.8,118.2,94.9,108.1,63.8,115.8,92,66.8,63.9,111.1,105.3,95.4,93.6,98.2,114,99.7,129.9,82.6,89.6,89.6,81.9,102,100.1,92.1,90.8,91.6,90.5,91.5,90.3,93.7,90.9,94.4,90.4
